
DELETE FROM `creature` WHERE `map`=1098 AND `id` IN
(70448, 70341, 70246, 70308, 70445, 69905, 69910, 70047, 69909, 70029, 69899, 69944, 69916, 69906, 70557, 69911, 69927);

INSERT INTO `creature` (`id`, `map`, `zoneId`, `areaId`, `spawnMask`, `phaseMask`, `modelid`, `equipment_id`, `position_x`, `position_y`, `position_z`, `orientation`, `spawntimesecs`, `spawndist`, `currentwaypoint`, `curhealth`, `curmana`, `MovementType`, `npcflag`, `npcflag2`, `unit_flags`, `unit_flags2`, `dynamicflags`, `isActive`, `protec_anti_doublet`) VALUES 
(69899, 1098, 6622, 6705, 120, 1, 0, 0, 5659.86, 5775.11, 124.012, 3.15308, 7200, 0, 0, 5059104, 10312, 0, 0, 0, 0, 0, 0, 0, NULL),
(69899, 1098, 6622, 6705, 120, 1, 0, 0, 5660.34, 5732.79, 123.803, 3.15308, 7200, 0, 0, 5059104, 10312, 0, 0, 0, 0, 0, 0, 0, NULL),
(69899, 1098, 6622, 6705, 120, 1, 0, 0, 5871.53, 5753.46, 128.067, 3.1326, 7200, 0, 0, 5059104, 10312, 0, 0, 0, 0, 0, 0, 0, NULL),
(69899, 1098, 6622, 6705, 120, 1, 0, 0, 5766.21, 5741.22, 123.444, 3.10511, 7200, 0, 0, 5059104, 10312, 0, 0, 0, 0, 0, 0, 0, NULL),
(69899, 1098, 6622, 6705, 120, 1, 0, 0, 6016.06, 5745.53, 123.159, 6.27288, 7200, 0, 0, 5059104, 10312, 0, 0, 0, 0, 0, 0, 0, NULL),
(69905, 1098, 6622, 6705, 120, 1, 0, 0, 5584.37, 5753.34, 124.013, 3.12865, 7200, 0, 0, 6323880, 0, 0, 0, 0, 0, 0, 0, 0, NULL),
(69905, 1098, 6622, 6705, 120, 1, 0, 0, 5660.1, 5753.56, 124.006, 3.15308, 7200, 0, 0, 6323880, 0, 0, 0, 0, 0, 0, 0, 0, NULL),
(69905, 1098, 6622, 6705, 120, 1, 0, 0, 5767, 5755.91, 123.137, 3.13871, 7200, 0, 0, 6323880, 0, 0, 0, 0, 0, 0, 0, 0, NULL),
(69906, 1098, 6622, 6705, 120, 1, 0, 0, 5855.41, 5766.48, 124.042, 3.28227, 7200, 0, 0, 6323880, 10312, 0, 0, 0, 0, 0, 0, 0, NULL),
(69906, 1098, 6622, 6705, 120, 1, 0, 0, 5856.47, 5742.34, 124.225, 2.95502, 7200, 0, 0, 6323880, 10312, 0, 0, 0, 0, 0, 0, 0, NULL),
(69906, 1098, 6622, 6705, 120, 1, 0, 0, 5767.03, 5768.3, 123.961, 3.13871, 7200, 0, 0, 6323880, 10312, 0, 0, 0, 0, 0, 0, 0, NULL),
(69906, 1098, 6622, 6705, 120, 1, 0, 0, 6038.65, 5763.94, 123.16, 4.64449, 7200, 0, 0, 6323880, 10312, 0, 0, 0, 0, 0, 0, 0, NULL),
(69909, 1098, 6622, 6705, 120, 1, 0, 0, 5584.5, 5763.35, 124.013, 3.12865, 7200, 0, 0, 5059104, 10312, 0, 0, 0, 0, 0, 0, 0, NULL),
(69909, 1098, 6622, 6705, 120, 1, 0, 0, 5659.98, 5764.63, 124.004, 3.15308, 7200, 0, 0, 5059104, 10312, 0, 0, 0, 0, 0, 0, 0, NULL),
(69909, 1098, 6622, 6705, 120, 1, 0, 0, 5868.23, 5759.8, 126.645, 3.1326, 7200, 0, 0, 5059104, 10312, 0, 0, 0, 0, 0, 0, 0, NULL),
(69909, 1098, 6622, 6705, 120, 1, 0, 0, 5767.02, 5761.95, 123.047, 3.13871, 7200, 0, 0, 5059104, 10312, 0, 0, 0, 0, 0, 0, 0, NULL),
(69909, 1098, 6622, 6705, 120, 1, 0, 0, 6057.78, 5741.96, 123.159, 3.0593, 7200, 0, 0, 5059104, 10312, 0, 0, 0, 0, 0, 0, 0, NULL),
(69910, 1098, 6622, 6705, 120, 1, 0, 0, 5584.25, 5744.13, 124.013, 3.12865, 7200, 0, 0, 5059104, 10312, 0, 0, 0, 0, 0, 0, 0, NULL),
(69910, 1098, 6622, 6705, 120, 1, 0, 0, 5660.22, 5743.35, 124, 3.15308, 7200, 0, 0, 5059104, 10312, 0, 0, 0, 0, 0, 0, 0, NULL),
(69910, 1098, 6622, 6705, 120, 1, 0, 0, 5868.11, 5747.04, 126.607, 3.1326, 7200, 0, 0, 5059104, 10312, 0, 0, 0, 0, 0, 0, 0, NULL),
(69910, 1098, 6622, 6705, 120, 1, 0, 0, 5766.45, 5747.81, 122.964, 3.10511, 7200, 0, 0, 5059104, 10312, 0, 0, 0, 0, 0, 0, 0, NULL),
(69910, 1098, 6622, 6705, 120, 1, 0, 0, 6031.02, 5723.98, 123.159, 1.37025, 7200, 0, 0, 5059104, 10312, 0, 0, 0, 0, 0, 0, 0, NULL),
(69911, 1098, 6622, 6705, 120, 1, 0, 0, 6036.93, 5744.32, 123.736, 3.14787, 7200, 0, 0, 16863680, 0, 0, 0, 0, 0, 0, 0, 0, NULL),
(69916, 1098, 6622, 6705, 120, 1, 0, 0, 5720.18, 5752.61, 123.019, 3.19413, 7200, 0, 0, 6323880, 0, 0, 0, 0, 0, 0, 0, 0, NULL),
(69916, 1098, 6622, 6705, 120, 1, 0, 0, 5851.35, 5753.18, 123.997, 3.11122, 7200, 0, 0, 6323880, 0, 0, 0, 0, 0, 0, 0, 0, NULL),
(69927, 1098, 6622, 6705, 120, 1, 0, 0, 6051.94, 5619.25, 130.069, 1.605, 7200, 0, 0, 8431840, 0, 0, 0, 0, 0, 0, 0, 0, NULL),
(69927, 1098, 6622, 6705, 120, 1, 0, 0, 6102, 5525.13, 123.909, 1.61361, 7200, 0, 0, 8431840, 0, 0, 0, 0, 0, 0, 0, 0, NULL),
(69927, 1098, 6622, 6705, 120, 1, 0, 0, 5991.66, 5523.03, 123.907, 1.5403, 7200, 0, 0, 8431840, 0, 0, 0, 0, 0, 0, 0, 0, NULL),
(70246, 1098, 6622, 6705, 120, 1, 0, 0, 5712.31, 6263.23, 118.032, 0.0201337, 7200, 0, 0, 393941, 0, 0, 0, 0, 0, 0, 0, 0, NULL),
(70246, 1098, 6622, 6705, 120, 1, 0, 0, 5482.38, 6258.38, 112.048, 0.0359105, 7200, 0, 0, 393941, 0, 0, 0, 0, 0, 0, 0, 0, NULL),
(70246, 1098, 6622, 6705, 120, 1, 0, 0, 5636.65, 6268.55, 112.048, 3.20325, 7200, 0, 0, 393941, 0, 0, 0, 0, 0, 0, 0, 0, NULL),
(70246, 1098, 6622, 6705, 120, 1, 0, 0, 5459.03, 6264.16, 118.442, 4.68722, 7200, 0, 0, 393941, 0, 0, 0, 0, 0, 0, 0, 0, NULL),
(70246, 1098, 6622, 6705, 120, 1, 0, 0, 5411.33, 6263.27, 118.442, 1.46446, 7200, 0, 0, 393941, 0, 0, 0, 0, 0, 0, 0, 0, NULL),
(70246, 1098, 6622, 6705, 120, 1, 0, 0, 5427.41, 6214.87, 112.048, 4.87965, 7200, 0, 0, 393941, 0, 0, 0, 0, 0, 0, 0, 0, NULL),
(70308, 1098, 6622, 6705, 120, 1, 0, 0, 5431.08, 6262.99, 117.782, 6.17503, 7200, 0, 0, 33727360, 0, 0, 0, 0, 0, 0, 0, 0, NULL),
(70341, 1098, 6622, 6705, 120, 1, 0, 0, 5434.79, 6177.15, 110.872, 1.58962, 7200, 0, 0, 20376600, 0, 0, 0, 0, 0, 0, 0, 0, NULL),
(70341, 1098, 6622, 6705, 120, 1, 0, 0, 5602, 6269.29, 110.871, 6.26056, 7200, 0, 0, 20376600, 0, 0, 0, 0, 0, 0, 0, 0, NULL),
(70341, 1098, 6622, 6705, 120, 1, 0, 0, 5511.71, 6257.03, 110.872, 0.0628923, 7200, 0, 0, 20376600, 0, 0, 0, 0, 0, 0, 0, 0, NULL),
(70341, 1098, 6622, 6705, 120, 1, 0, 0, 5510.96, 6268.92, 110.872, 0.0628923, 7200, 0, 0, 20376600, 0, 0, 0, 0, 0, 0, 0, 0, NULL),
(70341, 1098, 6622, 6705, 120, 1, 0, 0, 5437.6, 6092.9, 110.873, 1.57435, 7200, 0, 0, 20376600, 0, 0, 0, 0, 0, 0, 0, 0, NULL),
(70341, 1098, 6622, 6705, 120, 1, 0, 0, 5427.17, 6092.86, 110.873, 1.57435, 7200, 0, 0, 20376600, 0, 0, 0, 0, 0, 0, 0, 0, NULL),
(70341, 1098, 6622, 6705, 120, 1, 0, 0, 5424.71, 6176.96, 110.872, 1.58962, 7200, 0, 0, 20376600, 0, 0, 0, 0, 0, 0, 0, 0, NULL),
(70341, 1098, 6622, 6705, 120, 1, 0, 0, 5601.73, 6256.99, 110.871, 6.26361, 7200, 0, 0, 20376600, 0, 0, 0, 0, 0, 0, 0, 0, NULL),
(70445, 1098, 6622, 6705, 120, 1, 0, 0, 5431.51, 5974.04, 118.088, 1.57784, 7200, 0, 0, 29511440, 0, 0, 0, 0, 0, 0, 0, 0, NULL),
(70448, 1098, 6622, 6705, 120, 1, 0, 0, 5438.14, 6032.55, 117.991, 1.62365, 7200, 0, 0, 1969705, 0, 0, 0, 0, 0, 0, 0, 0, NULL),
(70448, 1098, 6622, 6705, 120, 1, 0, 0, 5664.86, 6271.43, 117.991, 6.11089, 7200, 0, 0, 1969705, 0, 0, 0, 0, 0, 0, 0, 0, NULL),
(70448, 1098, 6622, 6705, 120, 1, 0, 0, 5662.8, 6259.62, 117.993, 6.11089, 7200, 0, 0, 1969705, 0, 0, 0, 0, 0, 0, 0, 0, NULL),
(70448, 1098, 6622, 6705, 120, 1, 0, 0, 5663.07, 6243.54, 117.993, 0.0964891, 7200, 0, 0, 1969705, 0, 0, 0, 0, 0, 0, 0, 0, NULL),
(70448, 1098, 6622, 6705, 120, 1, 0, 0, 5427.82, 6032, 117.989, 1.62365, 7200, 0, 0, 1969705, 0, 0, 0, 0, 0, 0, 0, 0, NULL),
(70557, 1098, 6622, 6705, 120, 1, 0, 0, 5971.97, 5744.68, 123.912, 6.27289, 7200, 0, 0, 7588656, 10312, 0, 0, 0, 0, 0, 0, 0, NULL),
(70557, 1098, 6622, 6705, 120, 1, 0, 0, 5972.16, 5762.46, 123.92, 6.27289, 7200, 0, 0, 7588656, 10312, 0, 0, 0, 0, 0, 0, 0, NULL),
(70557, 1098, 6622, 6705, 120, 1, 0, 0, 6036.81, 5680.12, 123.913, 1.61155, 7200, 0, 0, 7588656, 10312, 0, 0, 0, 0, 0, 0, 0, NULL),
(70557, 1098, 6622, 6705, 120, 1, 0, 0, 6055.45, 5680.35, 123.922, 1.61155, 7200, 0, 0, 7588656, 10312, 0, 0, 0, 0, 0, 0, 0, NULL),
(70557, 1098, 6622, 6705, 120, 1, 0, 0, 6041.78, 5618.91, 130.069, 1.605, 7200, 0, 0, 7588656, 10312, 0, 0, 0, 0, 0, 0, 0, NULL),
(70557, 1098, 6622, 6705, 120, 1, 0, 0, 6095.64, 5524.85, 123.909, 1.61361, 7200, 0, 0, 7588656, 10312, 0, 0, 0, 0, 0, 0, 0, NULL),
(70557, 1098, 6622, 6705, 120, 1, 0, 0, 6106.95, 5525.34, 123.909, 1.61361, 7200, 0, 0, 7588656, 10312, 0, 0, 0, 0, 0, 0, 0, NULL),
(70557, 1098, 6622, 6705, 120, 1, 0, 0, 5998.09, 5521.92, 123.907, 1.5403, 7200, 0, 0, 7588656, 10312, 0, 0, 0, 0, 0, 0, 0, NULL),
(70557, 1098, 6622, 6705, 120, 1, 0, 0, 5985.27, 5522.32, 123.907, 1.5403, 7200, 0, 0, 7588656, 10312, 0, 0, 0, 0, 0, 0, 0, NULL);


REPLACE INTO `creature_template` (`entry`, `difficulty_entry_1`, `difficulty_entry_2`, `difficulty_entry_3`, `difficulty_entry_4`, `difficulty_entry_5`, `difficulty_entry_6`, `difficulty_entry_7`, `difficulty_entry_8`, `difficulty_entry_9`, `difficulty_entry_10`, `difficulty_entry_11`, `difficulty_entry_12`, `difficulty_entry_13`, `difficulty_entry_14`, `difficulty_entry_15`, `KillCredit1`, `KillCredit2`, `modelid1`, `modelid2`, `modelid3`, `modelid4`, `name`, `subname`, `IconName`, `gossip_menu_id`, `minlevel`, `maxlevel`, `exp`, `exp_unk`, `faction_A`, `faction_H`, `npcflag`, `npcflag2`, `speed_walk`, `speed_run`, `speed_fly`, `scale`, `rank`, `mindmg`, `maxdmg`, `dmgschool`, `attackpower`, `dmg_multiplier`, `baseattacktime`, `rangeattacktime`, `unit_class`, `unit_flags`, `unit_flags2`, `dynamicflags`, `family`, `trainer_type`, `trainer_spell`, `trainer_class`, `trainer_race`, `minrangedmg`, `maxrangedmg`, `rangedattackpower`, `type`, `type_flags`, `type_flags2`, `lootid`, `pickpocketloot`, `skinloot`, `resistance1`, `resistance2`, `resistance3`, `resistance4`, `resistance5`, `resistance6`, `spell1`, `spell2`, `spell3`, `spell4`, `spell5`, `spell6`, `spell7`, `spell8`, `PetSpellDataId`, `VehicleId`, `mingold`, `maxgold`, `AIName`, `MovementType`, `InhabitType`, `HoverHeight`, `Health_mod`, `Mana_mod`, `Mana_mod_extra`, `Armor_mod`, `RacialLeader`, `questItem1`, `questItem2`, `questItem3`, `questItem4`, `questItem5`, `questItem6`, `movementId`, `RegenHealth`, `equipment_id`, `mechanic_immune_mask`, `flags_extra`, `ScriptName`, `WDBVerified`) VALUES 
(69899, 0, 0, 0, 698994, 698995, 698996, 0, 0, 0, 0, 0, 0, 0, 0, 0, 0, 0, 47775, 47782, 47783, 47784, 'Farraki Sand Conjurer', '', '', 0, 92, 92, 4, 0, 16, 16, 0, 0, 1, 1.71429, 1.14286, 1, 1, 43563, 69309, 0, 45299, 3, 2000, 2000, 2, 32768, 2099200, 0, 0, 0, 0, 0, 0, 0, 0, 0, 7, 2097224, 0, 0, 0, 0, 0, 0, 0, 0, 0, 0, 0, 0, 0, 0, 0, 0, 0, 0, 0, 0, 11274, 11274, '', 0, 3, 1, 12, 1, 1, 1, 0, 0, 0, 0, 0, 0, 0, 174, 1, 0, 0, 0, '', 17614),
(698994, 0, 0, 0, 0, 0, 0, 0, 0, 0, 0, 0, 0, 0, 0, 0, 0, 0, 47775, 47782, 47783, 47784, 'Farraki Sand Conjurer', '', '', 0, 92, 92, 4, 0, 16, 16, 0, 0, 1, 1.71429, 1.14286, 1, 1, 43563, 69309, 0, 45299, 3, 2000, 2000, 2, 32768, 2099200, 0, 0, 0, 0, 0, 0, 0, 0, 0, 7, 2097224, 0, 0, 0, 0, 0, 0, 0, 0, 0, 0, 0, 0, 0, 0, 0, 0, 0, 0, 0, 0, 11274, 11274, '', 0, 3, 1, 36, 1, 1, 1, 0, 0, 0, 0, 0, 0, 0, 174, 1, 0, 0, 0, '', 17614),
(698995, 0, 0, 0, 0, 0, 0, 0, 0, 0, 0, 0, 0, 0, 0, 0, 0, 0, 47775, 47782, 47783, 47784, 'Farraki Sand Conjurer', '', '', 0, 92, 92, 4, 0, 16, 16, 0, 0, 1, 1.71429, 1.14286, 1, 1, 43563, 69309, 0, 45299, 4, 2000, 2000, 2, 32768, 2099200, 0, 0, 0, 0, 0, 0, 0, 0, 0, 7, 2097224, 0, 0, 0, 0, 0, 0, 0, 0, 0, 0, 0, 0, 0, 0, 0, 0, 0, 0, 0, 0, 11274, 11274, '', 0, 3, 1, 12, 1, 1, 1, 0, 0, 0, 0, 0, 0, 0, 174, 1, 0, 0, 0, '', 17614),
(698996, 0, 0, 0, 0, 0, 0, 0, 0, 0, 0, 0, 0, 0, 0, 0, 0, 0, 47775, 47782, 47783, 47784, 'Farraki Sand Conjurer', '', '', 0, 92, 92, 4, 0, 16, 16, 0, 0, 1, 1.71429, 1.14286, 1, 1, 43563, 69309, 0, 45299, 4, 2000, 2000, 2, 32768, 2099200, 0, 0, 0, 0, 0, 0, 0, 0, 0, 7, 2097224, 0, 0, 0, 0, 0, 0, 0, 0, 0, 0, 0, 0, 0, 0, 0, 0, 0, 0, 0, 0, 11274, 11274, '', 0, 3, 1, 36, 1, 1, 1, 0, 0, 0, 0, 0, 0, 0, 174, 1, 0, 0, 0, '', 17614),

(69905, 0, 0, 0, 699054, 699055, 699056, 0, 0, 0, 0, 0, 0, 0, 0, 0, 0, 0, 47766, 47767, 0, 0, 'Gurubashi Berserker', '', '', 0, 92, 92, 4, 0, 16, 16, 0, 0, 1, 1.71429, 1.14286, 1, 1, 43563, 69309, 0, 45299, 3, 2000, 2000, 1, 32768, 2099200, 0, 0, 0, 0, 0, 0, 0, 0, 0, 7, 2097224, 0, 0, 0, 0, 0, 0, 0, 0, 0, 0, 0, 0, 0, 0, 0, 0, 0, 0, 0, 0, 11139, 11139, '', 0, 3, 1, 15, 1, 1, 1, 0, 0, 0, 0, 0, 0, 0, 174, 1, 0, 0, 0, '', 17614),
(699054, 0, 0, 0, 0, 0, 0, 0, 0, 0, 0, 0, 0, 0, 0, 0, 0, 0, 47766, 47767, 0, 0, 'Gurubashi Berserker', '', '', 0, 92, 92, 4, 0, 16, 16, 0, 0, 1, 1.71429, 1.14286, 1, 1, 43563, 69309, 0, 45299, 3, 2000, 2000, 1, 32768, 2099200, 0, 0, 0, 0, 0, 0, 0, 0, 0, 7, 2097224, 0, 0, 0, 0, 0, 0, 0, 0, 0, 0, 0, 0, 0, 0, 0, 0, 0, 0, 0, 0, 11139, 11139, '', 0, 3, 1, 45, 1, 1, 1, 0, 0, 0, 0, 0, 0, 0, 174, 1, 0, 0, 0, '', 17614),
(699055, 0, 0, 0, 0, 0, 0, 0, 0, 0, 0, 0, 0, 0, 0, 0, 0, 0, 47766, 47767, 0, 0, 'Gurubashi Berserker', '', '', 0, 92, 92, 4, 0, 16, 16, 0, 0, 1, 1.71429, 1.14286, 1, 1, 43563, 69309, 0, 45299, 4, 2000, 2000, 1, 32768, 2099200, 0, 0, 0, 0, 0, 0, 0, 0, 0, 7, 2097224, 0, 0, 0, 0, 0, 0, 0, 0, 0, 0, 0, 0, 0, 0, 0, 0, 0, 0, 0, 0, 11139, 11139, '', 0, 3, 1, 15, 1, 1, 1, 0, 0, 0, 0, 0, 0, 0, 174, 1, 0, 0, 0, '', 17614),
(699056, 0, 0, 0, 0, 0, 0, 0, 0, 0, 0, 0, 0, 0, 0, 0, 0, 0, 47766, 47767, 0, 0, 'Gurubashi Berserker', '', '', 0, 92, 92, 4, 0, 16, 16, 0, 0, 1, 1.71429, 1.14286, 1, 1, 43563, 69309, 0, 45299, 4, 2000, 2000, 1, 32768, 2099200, 0, 0, 0, 0, 0, 0, 0, 0, 0, 7, 2097224, 0, 0, 0, 0, 0, 0, 0, 0, 0, 0, 0, 0, 0, 0, 0, 0, 0, 0, 0, 0, 11139, 11139, '', 0, 3, 1, 45, 1, 1, 1, 0, 0, 0, 0, 0, 0, 0, 174, 1, 0, 0, 0, '', 17614),

(69906, 0, 0, 0, 699064, 699065, 699066, 0, 0, 0, 0, 0, 0, 0, 0, 0, 0, 0, 47761, 47762, 0, 0, 'Zandalari High Priest', '', '', 0, 92, 92, 4, 0, 16, 16, 0, 0, 1, 1.71429, 1.14286, 1, 1, 43563, 69309, 0, 45299, 3, 2000, 2000, 2, 32768, 2099200, 0, 0, 0, 0, 0, 0, 0, 0, 0, 7, 2097224, 0, 0, 0, 0, 0, 0, 0, 0, 0, 0, 0, 0, 0, 0, 0, 0, 0, 0, 0, 0, 11358, 11358, '', 0, 3, 1, 15, 1, 1, 1, 0, 0, 0, 0, 0, 0, 0, 174, 1, 0, 0, 0, '', 17614),
(699064, 0, 0, 0, 0, 0, 0, 0, 0, 0, 0, 0, 0, 0, 0, 0, 0, 0, 47761, 47762, 0, 0, 'Zandalari High Priest', '', '', 0, 92, 92, 4, 0, 16, 16, 0, 0, 1, 1.71429, 1.14286, 1, 1, 43563, 69309, 0, 45299, 3, 2000, 2000, 2, 32768, 2099200, 0, 0, 0, 0, 0, 0, 0, 0, 0, 7, 2097224, 0, 0, 0, 0, 0, 0, 0, 0, 0, 0, 0, 0, 0, 0, 0, 0, 0, 0, 0, 0, 11358, 11358, '', 0, 3, 1, 45, 1, 1, 1, 0, 0, 0, 0, 0, 0, 0, 174, 1, 0, 0, 0, '', 17614),
(699065, 0, 0, 0, 0, 0, 0, 0, 0, 0, 0, 0, 0, 0, 0, 0, 0, 0, 47761, 47762, 0, 0, 'Zandalari High Priest', '', '', 0, 92, 92, 4, 0, 16, 16, 0, 0, 1, 1.71429, 1.14286, 1, 1, 43563, 69309, 0, 45299, 4, 2000, 2000, 2, 32768, 2099200, 0, 0, 0, 0, 0, 0, 0, 0, 0, 7, 2097224, 0, 0, 0, 0, 0, 0, 0, 0, 0, 0, 0, 0, 0, 0, 0, 0, 0, 0, 0, 0, 11358, 11358, '', 0, 3, 1, 15, 1, 1, 1, 0, 0, 0, 0, 0, 0, 0, 174, 1, 0, 0, 0, '', 17614),
(699066, 0, 0, 0, 0, 0, 0, 0, 0, 0, 0, 0, 0, 0, 0, 0, 0, 0, 47761, 47762, 0, 0, 'Zandalari High Priest', '', '', 0, 92, 92, 4, 0, 16, 16, 0, 0, 1, 1.71429, 1.14286, 1, 1, 43563, 69309, 0, 45299, 4, 2000, 2000, 2, 32768, 2099200, 0, 0, 0, 0, 0, 0, 0, 0, 0, 7, 2097224, 0, 0, 0, 0, 0, 0, 0, 0, 0, 0, 0, 0, 0, 0, 0, 0, 0, 0, 0, 0, 11358, 11358, '', 0, 3, 1, 45, 1, 1, 1, 0, 0, 0, 0, 0, 0, 0, 174, 1, 0, 0, 0, '', 17614),

(69909, 0, 0, 0, 699094, 699095, 699096, 0, 0, 0, 0, 0, 0, 0, 0, 0, 0, 0, 22307, 22308, 47335, 47336, 'Amani\'shi Flame Chanter', '', '', 0, 92, 92, 4, 0, 16, 16, 0, 0, 1, 1.71429, 1.14286, 1, 1, 43563, 69309, 0, 45299, 3, 2000, 2000, 2, 32768, 2099200, 0, 0, 0, 0, 0, 0, 0, 0, 0, 7, 2097224, 0, 0, 0, 0, 0, 0, 0, 0, 0, 0, 0, 0, 0, 0, 0, 0, 0, 0, 0, 0, 11157, 11157, '', 0, 3, 1, 12, 1, 1, 1, 0, 0, 0, 0, 0, 0, 0, 174, 1, 0, 0, 0, '', 17614),
(699094, 0, 0, 0, 0, 0, 0, 0, 0, 0, 0, 0, 0, 0, 0, 0, 0, 0, 22307, 22308, 47335, 47336, 'Amani\'shi Flame Chanter', '', '', 0, 92, 92, 4, 0, 16, 16, 0, 0, 1, 1.71429, 1.14286, 1, 1, 43563, 69309, 0, 45299, 3, 2000, 2000, 2, 32768, 2099200, 0, 0, 0, 0, 0, 0, 0, 0, 0, 7, 2097224, 0, 0, 0, 0, 0, 0, 0, 0, 0, 0, 0, 0, 0, 0, 0, 0, 0, 0, 0, 0, 11157, 11157, '', 0, 3, 1, 36, 1, 1, 1, 0, 0, 0, 0, 0, 0, 0, 174, 1, 0, 0, 0, '', 17614),
(699095, 0, 0, 0, 0, 0, 0, 0, 0, 0, 0, 0, 0, 0, 0, 0, 0, 0, 22307, 22308, 47335, 47336, 'Amani\'shi Flame Chanter', '', '', 0, 92, 92, 4, 0, 16, 16, 0, 0, 1, 1.71429, 1.14286, 1, 1, 43563, 69309, 0, 45299, 4, 2000, 2000, 2, 32768, 2099200, 0, 0, 0, 0, 0, 0, 0, 0, 0, 7, 2097224, 0, 0, 0, 0, 0, 0, 0, 0, 0, 0, 0, 0, 0, 0, 0, 0, 0, 0, 0, 0, 11157, 11157, '', 0, 3, 1, 12, 1, 1, 1, 0, 0, 0, 0, 0, 0, 0, 174, 1, 0, 0, 0, '', 17614),
(699096, 0, 0, 0, 0, 0, 0, 0, 0, 0, 0, 0, 0, 0, 0, 0, 0, 0, 22307, 22308, 47335, 47336, 'Amani\'shi Flame Chanter', '', '', 0, 92, 92, 4, 0, 16, 16, 0, 0, 1, 1.71429, 1.14286, 1, 1, 43563, 69309, 0, 45299, 4, 2000, 2000, 2, 32768, 2099200, 0, 0, 0, 0, 0, 0, 0, 0, 0, 7, 2097224, 0, 0, 0, 0, 0, 0, 0, 0, 0, 0, 0, 0, 0, 0, 0, 0, 0, 0, 0, 0, 11157, 11157, '', 0, 3, 1, 36, 1, 1, 1, 0, 0, 0, 0, 0, 0, 0, 174, 1, 0, 0, 0, '', 17614),

(69910, 0, 0, 0, 699104, 699105, 699106, 0, 0, 0, 0, 0, 0, 0, 0, 0, 0, 0, 47769, 47780, 47781, 0, 'Drakkari Frost Warden', '', '', 0, 92, 92, 4, 0, 16, 16, 0, 0, 1, 1.71429, 1.14286, 1, 1, 43563, 69309, 0, 45299, 3, 2000, 2000, 2, 32768, 2099200, 0, 0, 0, 0, 0, 0, 0, 0, 0, 7, 2097224, 0, 0, 0, 0, 0, 0, 0, 0, 0, 0, 0, 0, 0, 0, 0, 0, 0, 0, 0, 0, 11250, 11250, '', 0, 3, 1, 12, 1, 1, 1, 0, 0, 0, 0, 0, 0, 0, 174, 1, 0, 0, 0, '', 17614),
(699104, 0, 0, 0, 0, 0, 0, 0, 0, 0, 0, 0, 0, 0, 0, 0, 0, 0, 47769, 47780, 47781, 0, 'Drakkari Frost Warden', '', '', 0, 92, 92, 4, 0, 16, 16, 0, 0, 1, 1.71429, 1.14286, 1, 1, 43563, 69309, 0, 45299, 3, 2000, 2000, 2, 32768, 2099200, 0, 0, 0, 0, 0, 0, 0, 0, 0, 7, 2097224, 0, 0, 0, 0, 0, 0, 0, 0, 0, 0, 0, 0, 0, 0, 0, 0, 0, 0, 0, 0, 11250, 11250, '', 0, 3, 1, 36, 1, 1, 1, 0, 0, 0, 0, 0, 0, 0, 174, 1, 0, 0, 0, '', 17614),
(699105, 0, 0, 0, 0, 0, 0, 0, 0, 0, 0, 0, 0, 0, 0, 0, 0, 0, 47769, 47780, 47781, 0, 'Drakkari Frost Warden', '', '', 0, 92, 92, 4, 0, 16, 16, 0, 0, 1, 1.71429, 1.14286, 1, 1, 43563, 69309, 0, 45299, 4, 2000, 2000, 2, 32768, 2099200, 0, 0, 0, 0, 0, 0, 0, 0, 0, 7, 2097224, 0, 0, 0, 0, 0, 0, 0, 0, 0, 0, 0, 0, 0, 0, 0, 0, 0, 0, 0, 0, 11250, 11250, '', 0, 3, 1, 12, 1, 1, 1, 0, 0, 0, 0, 0, 0, 0, 174, 1, 0, 0, 0, '', 17614),
(699106, 0, 0, 0, 0, 0, 0, 0, 0, 0, 0, 0, 0, 0, 0, 0, 0, 0, 47769, 47780, 47781, 0, 'Drakkari Frost Warden', '', '', 0, 92, 92, 4, 0, 16, 16, 0, 0, 1, 1.71429, 1.14286, 1, 1, 43563, 69309, 0, 45299, 4, 2000, 2000, 2, 32768, 2099200, 0, 0, 0, 0, 0, 0, 0, 0, 0, 7, 2097224, 0, 0, 0, 0, 0, 0, 0, 0, 0, 0, 0, 0, 0, 0, 0, 0, 0, 0, 0, 0, 11250, 11250, '', 0, 3, 1, 36, 1, 1, 1, 0, 0, 0, 0, 0, 0, 0, 174, 1, 0, 0, 0, '', 17614),

(69916, 0, 0, 0, 699164, 699165, 699166, 0, 0, 0, 0, 0, 0, 0, 0, 0, 0, 0, 48181, 0, 0, 0, 'Gurubashi Berserker', '', '', 0, 92, 92, 4, 0, 16, 16, 0, 0, 1, 1.14286, 1.14286, 1, 1, 43563, 69309, 0, 45299, 3, 2000, 2000, 1, 0, 0, 0, 0, 0, 0, 0, 0, 0, 0, 0, 7, 2097224, 0, 0, 0, 0, 0, 0, 0, 0, 0, 0, 0, 0, 0, 0, 0, 0, 0, 0, 0, 0, 11400, 11400, '', 0, 3, 1, 15, 1, 1, 1, 0, 0, 0, 0, 0, 0, 0, 174, 1, 0, 0, 0, '', 17614),
(699164, 0, 0, 0, 0, 0, 0, 0, 0, 0, 0, 0, 0, 0, 0, 0, 0, 0, 48181, 0, 0, 0, 'Gurubashi Berserker', '', '', 0, 92, 92, 4, 0, 16, 16, 0, 0, 1, 1.14286, 1.14286, 1, 1, 43563, 69309, 0, 45299, 3, 2000, 2000, 1, 0, 0, 0, 0, 0, 0, 0, 0, 0, 0, 0, 7, 2097224, 0, 0, 0, 0, 0, 0, 0, 0, 0, 0, 0, 0, 0, 0, 0, 0, 0, 0, 0, 0, 11400, 11400, '', 0, 3, 1, 45, 1, 1, 1, 0, 0, 0, 0, 0, 0, 0, 174, 1, 0, 0, 0, '', 17614),
(699165, 0, 0, 0, 0, 0, 0, 0, 0, 0, 0, 0, 0, 0, 0, 0, 0, 0, 48181, 0, 0, 0, 'Gurubashi Berserker', '', '', 0, 92, 92, 4, 0, 16, 16, 0, 0, 1, 1.14286, 1.14286, 1, 1, 43563, 69309, 0, 45299, 4, 2000, 2000, 1, 0, 0, 0, 0, 0, 0, 0, 0, 0, 0, 0, 7, 2097224, 0, 0, 0, 0, 0, 0, 0, 0, 0, 0, 0, 0, 0, 0, 0, 0, 0, 0, 0, 0, 11400, 11400, '', 0, 3, 1, 15, 1, 1, 1, 0, 0, 0, 0, 0, 0, 0, 174, 1, 0, 0, 0, '', 17614),
(699166, 0, 0, 0, 0, 0, 0, 0, 0, 0, 0, 0, 0, 0, 0, 0, 0, 0, 48181, 0, 0, 0, 'Gurubashi Berserker', '', '', 0, 92, 92, 4, 0, 16, 16, 0, 0, 1, 1.14286, 1.14286, 1, 1, 43563, 69309, 0, 45299, 4, 2000, 2000, 1, 0, 0, 0, 0, 0, 0, 0, 0, 0, 0, 0, 7, 2097224, 0, 0, 0, 0, 0, 0, 0, 0, 0, 0, 0, 0, 0, 0, 0, 0, 0, 0, 0, 0, 11400, 11400, '', 0, 3, 1, 45, 1, 1, 1, 0, 0, 0, 0, 0, 0, 0, 174, 1, 0, 0, 0, '', 17614),

(69944, 0, 0, 0, 699444, 699445, 699446, 0, 0, 0, 0, 0, 0, 0, 0, 0, 0, 0, 47677, 0, 0, 0, 'Sand Elemental', '', '', 0, 92, 92, 4, 0, 16, 16, 0, 0, 1, 1.14286, 1.14286, 1, 1, 43563, 69309, 0, 45299, 2, 2000, 2000, 1, 0, 0, 0, 0, 0, 0, 0, 0, 0, 0, 0, 4, 2097224, 0, 0, 0, 0, 0, 0, 0, 0, 0, 0, 0, 0, 0, 0, 0, 0, 0, 0, 0, 0, 0, 0, '', 0, 3, 1, 3, 1, 1, 1, 0, 0, 0, 0, 0, 0, 0, 165, 1, 0, 0, 0, '', 17614),
(699444, 0, 0, 0, 0, 0, 0, 0, 0, 0, 0, 0, 0, 0, 0, 0, 0, 0, 47677, 0, 0, 0, 'Sand Elemental', '', '', 0, 92, 92, 4, 0, 16, 16, 0, 0, 1, 1.14286, 1.14286, 1, 1, 43563, 69309, 0, 45299, 2, 2000, 2000, 1, 0, 0, 0, 0, 0, 0, 0, 0, 0, 0, 0, 4, 2097224, 0, 0, 0, 0, 0, 0, 0, 0, 0, 0, 0, 0, 0, 0, 0, 0, 0, 0, 0, 0, 0, 0, '', 0, 3, 1, 9, 1, 1, 1, 0, 0, 0, 0, 0, 0, 0, 165, 1, 0, 0, 0, '', 17614),
(699445, 0, 0, 0, 0, 0, 0, 0, 0, 0, 0, 0, 0, 0, 0, 0, 0, 0, 47677, 0, 0, 0, 'Sand Elemental', '', '', 0, 92, 92, 4, 0, 16, 16, 0, 0, 1, 1.14286, 1.14286, 1, 1, 43563, 69309, 0, 45299, 3, 2000, 2000, 1, 0, 0, 0, 0, 0, 0, 0, 0, 0, 0, 0, 4, 2097224, 0, 0, 0, 0, 0, 0, 0, 0, 0, 0, 0, 0, 0, 0, 0, 0, 0, 0, 0, 0, 0, 0, '', 0, 3, 1, 3, 1, 1, 1, 0, 0, 0, 0, 0, 0, 0, 165, 1, 0, 0, 0, '', 17614),
(699446, 0, 0, 0, 0, 0, 0, 0, 0, 0, 0, 0, 0, 0, 0, 0, 0, 0, 47677, 0, 0, 0, 'Sand Elemental', '', '', 0, 92, 92, 4, 0, 16, 16, 0, 0, 1, 1.14286, 1.14286, 1, 1, 43563, 69309, 0, 45299, 3, 2000, 2000, 1, 0, 0, 0, 0, 0, 0, 0, 0, 0, 0, 0, 4, 2097224, 0, 0, 0, 0, 0, 0, 0, 0, 0, 0, 0, 0, 0, 0, 0, 0, 0, 0, 0, 0, 0, 0, '', 0, 3, 1, 9, 1, 1, 1, 0, 0, 0, 0, 0, 0, 0, 165, 1, 0, 0, 0, '', 17614),

(70029, 0, 0, 0, 0, 0, 0, 0, 0, 0, 0, 0, 0, 0, 0, 0, 0, 0, 169, 11686, 0, 0, 'Eruption', '', '', 0, 1, 1, 4, 0, 16, 16, 0, 0, 1, 1.14286, 1.14286, 1, 1, 11839, 17339, 0, 45299, 1, 2000, 2000, 1, 0, 0, 0, 0, 0, 0, 0, 0, 0, 0, 0, 10, 17826816, 0, 0, 0, 0, 0, 0, 0, 0, 0, 0, 0, 0, 0, 0, 0, 0, 0, 0, 0, 0, 0, 0, '', 0, 3, 1, 1, 1, 1, 1, 0, 0, 0, 0, 0, 0, 0, 0, 1, 0, 0, 0, '', 17614),

(70047, 0, 0, 0, 0, 0, 0, 0, 0, 0, 0, 0, 0, 0, 0, 0, 0, 0, 31720, 0, 0, 0, 'Glacial Freeze Totem', '', '', 0, 92, 92, 4, 0, 16, 16, 0, 0, 1, 1.14286, 1.14286, 1, 1, 11839, 17339, 0, 45299, 1, 2000, 2000, 1, 0, 0, 0, 0, 0, 0, 0, 0, 0, 0, 0, 11, 2097224, 0, 0, 0, 0, 0, 0, 0, 0, 0, 0, 0, 0, 0, 0, 0, 0, 0, 0, 0, 0, 0, 0, '', 0, 3, 1, 1, 1, 1, 1, 0, 0, 0, 0, 0, 0, 0, 0, 1, 0, 0, 0, '', 17614),

(70246, 0, 0, 0, 0, 0, 0, 0, 0, 0, 0, 0, 0, 0, 0, 0, 0, 0, 47951, 0, 0, 0, 'Spirit Flayer', '', '', 0, 90, 90, 4, 0, 16, 16, 0, 0, 1, 1.14286, 1.14286, 1, 1, 43563, 69309, 0, 45299, 3, 2000, 2000, 1, 0, 0, 0, 0, 0, 0, 0, 0, 0, 0, 0, 6, 0, 0, 0, 0, 0, 0, 0, 0, 0, 0, 0, 0, 0, 0, 0, 0, 0, 0, 0, 0, 0, 0, 0, '', 0, 3, 1, 1, 1, 1, 1, 0, 0, 0, 0, 0, 0, 0, 0, 1, 0, 0, 0, '', 17614),

(70308, 0, 0, 0, 703084, 703085, 703086, 0, 0, 0, 0, 0, 0, 0, 0, 0, 0, 0, 47998, 0, 0, 0, 'Soul-Fed Construct', '', '', 0, 92, 92, 4, 0, 16, 16, 0, 0, 1, 1.14286, 1.14286, 1, 1, 43563, 69309, 0, 45299, 4, 2000, 2000, 1, 0, 0, 0, 0, 0, 0, 0, 0, 0, 0, 0, 9, 2097224, 0, 0, 0, 0, 0, 0, 0, 0, 0, 0, 0, 0, 0, 0, 0, 0, 0, 0, 0, 0, 0, 0, '', 0, 3, 1, 80, 1, 1, 1, 0, 0, 0, 0, 0, 0, 0, 0, 1, 0, 0, 0, '', 17614),
(703084, 0, 0, 0, 0, 0, 0, 0, 0, 0, 0, 0, 0, 0, 0, 0, 0, 0, 47998, 0, 0, 0, 'Soul-Fed Construct', '', '', 0, 92, 92, 4, 0, 16, 16, 0, 0, 1, 1.14286, 1.14286, 1, 1, 43563, 69309, 0, 45299, 4, 2000, 2000, 1, 0, 0, 0, 0, 0, 0, 0, 0, 0, 0, 0, 9, 2097224, 0, 0, 0, 0, 0, 0, 0, 0, 0, 0, 0, 0, 0, 0, 0, 0, 0, 0, 0, 0, 0, 0, '', 0, 3, 1, 240, 1, 1, 1, 0, 0, 0, 0, 0, 0, 0, 0, 1, 0, 0, 0, '', 17614),
(703085, 0, 0, 0, 0, 0, 0, 0, 0, 0, 0, 0, 0, 0, 0, 0, 0, 0, 47998, 0, 0, 0, 'Soul-Fed Construct', '', '', 0, 92, 92, 4, 0, 16, 16, 0, 0, 1, 1.14286, 1.14286, 1, 1, 43563, 69309, 0, 45299, 5, 2000, 2000, 1, 0, 0, 0, 0, 0, 0, 0, 0, 0, 0, 0, 9, 2097224, 0, 0, 0, 0, 0, 0, 0, 0, 0, 0, 0, 0, 0, 0, 0, 0, 0, 0, 0, 0, 0, 0, '', 0, 3, 1, 80, 1, 1, 1, 0, 0, 0, 0, 0, 0, 0, 0, 1, 0, 0, 0, '', 17614),
(703086, 0, 0, 0, 0, 0, 0, 0, 0, 0, 0, 0, 0, 0, 0, 0, 0, 0, 47998, 0, 0, 0, 'Soul-Fed Construct', '', '', 0, 92, 92, 4, 0, 16, 16, 0, 0, 1, 1.14286, 1.14286, 1, 1, 43563, 69309, 0, 45299, 5, 2000, 2000, 1, 0, 0, 0, 0, 0, 0, 0, 0, 0, 0, 0, 9, 2097224, 0, 0, 0, 0, 0, 0, 0, 0, 0, 0, 0, 0, 0, 0, 0, 0, 0, 0, 0, 0, 0, 0, '', 0, 3, 1, 240, 1, 1, 1, 0, 0, 0, 0, 0, 0, 0, 0, 1, 0, 0, 0, '', 17614),

(70341, 0, 0, 0, 703414, 703415, 703416, 0, 0, 0, 0, 0, 0, 0, 0, 0, 0, 0, 48048, 0, 0, 0, 'Tormented Spirit', '', '', 0, 91, 91, 4, 0, 16, 16, 0, 0, 1, 1.14286, 1.14286, 1, 1, 43563, 69309, 0, 45299, 3, 2000, 2000, 1, 0, 0, 0, 0, 0, 0, 0, 0, 0, 0, 0, 6, 2097224, 0, 0, 0, 0, 0, 0, 0, 0, 0, 0, 0, 0, 0, 0, 0, 0, 0, 0, 0, 0, 0, 0, '', 0, 3, 1, 50, 1, 1, 1, 0, 0, 0, 0, 0, 0, 0, 0, 1, 0, 0, 0, '', 17614),
(703414, 0, 0, 0, 0, 0, 0, 0, 0, 0, 0, 0, 0, 0, 0, 0, 0, 0, 48048, 0, 0, 0, 'Tormented Spirit', '', '', 0, 91, 91, 4, 0, 16, 16, 0, 0, 1, 1.14286, 1.14286, 1, 1, 43563, 69309, 0, 45299, 3, 2000, 2000, 1, 0, 0, 0, 0, 0, 0, 0, 0, 0, 0, 0, 6, 2097224, 0, 0, 0, 0, 0, 0, 0, 0, 0, 0, 0, 0, 0, 0, 0, 0, 0, 0, 0, 0, 0, 0, '', 0, 3, 1, 150, 1, 1, 1, 0, 0, 0, 0, 0, 0, 0, 0, 1, 0, 0, 0, '', 17614),
(703415, 0, 0, 0, 0, 0, 0, 0, 0, 0, 0, 0, 0, 0, 0, 0, 0, 0, 48048, 0, 0, 0, 'Tormented Spirit', '', '', 0, 91, 91, 4, 0, 16, 16, 0, 0, 1, 1.14286, 1.14286, 1, 1, 43563, 69309, 0, 45299, 4, 2000, 2000, 1, 0, 0, 0, 0, 0, 0, 0, 0, 0, 0, 0, 6, 2097224, 0, 0, 0, 0, 0, 0, 0, 0, 0, 0, 0, 0, 0, 0, 0, 0, 0, 0, 0, 0, 0, 0, '', 0, 3, 1, 50, 1, 1, 1, 0, 0, 0, 0, 0, 0, 0, 0, 1, 0, 0, 0, '', 17614),
(703416, 0, 0, 0, 0, 0, 0, 0, 0, 0, 0, 0, 0, 0, 0, 0, 0, 0, 48048, 0, 0, 0, 'Tormented Spirit', '', '', 0, 91, 91, 4, 0, 16, 16, 0, 0, 1, 1.14286, 1.14286, 1, 1, 43563, 69309, 0, 45299, 4, 2000, 2000, 1, 0, 0, 0, 0, 0, 0, 0, 0, 0, 0, 0, 6, 2097224, 0, 0, 0, 0, 0, 0, 0, 0, 0, 0, 0, 0, 0, 0, 0, 0, 0, 0, 0, 0, 0, 0, '', 0, 3, 1, 150, 1, 1, 1, 0, 0, 0, 0, 0, 0, 0, 0, 1, 0, 0, 0, '', 17614),

(70445, 0, 0, 0, 704454, 704455, 704456, 0, 0, 0, 0, 0, 0, 0, 0, 0, 0, 0, 48049, 0, 0, 0, 'Stormbringer Draz\'kil', '', '', 0, 92, 92, 4, 0, 16, 16, 0, 0, 1, 1.14286, 1.14286, 1, 1, 43563, 69309, 0, 45299, 4, 2000, 2000, 1, 0, 2048, 0, 0, 0, 0, 0, 0, 0, 0, 0, 7, 2097224, 0, 0, 0, 0, 0, 0, 0, 0, 0, 0, 0, 0, 0, 0, 0, 0, 0, 0, 0, 0, 11240, 11240, '', 0, 3, 1, 70, 1, 1, 1, 0, 0, 0, 0, 0, 0, 0, 0, 1, 0, 0, 0, '', 17614),
(704454, 0, 0, 0, 0, 0, 0, 0, 0, 0, 0, 0, 0, 0, 0, 0, 0, 0, 48049, 0, 0, 0, 'Stormbringer Draz\'kil', '', '', 0, 92, 92, 4, 0, 16, 16, 0, 0, 1, 1.14286, 1.14286, 1, 1, 43563, 69309, 0, 45299, 4, 2000, 2000, 1, 0, 2048, 0, 0, 0, 0, 0, 0, 0, 0, 0, 7, 2097224, 0, 0, 0, 0, 0, 0, 0, 0, 0, 0, 0, 0, 0, 0, 0, 0, 0, 0, 0, 0, 11240, 11240, '', 0, 3, 1, 210, 1, 1, 1, 0, 0, 0, 0, 0, 0, 0, 0, 1, 0, 0, 0, '', 17614),
(704455, 0, 0, 0, 0, 0, 0, 0, 0, 0, 0, 0, 0, 0, 0, 0, 0, 0, 48049, 0, 0, 0, 'Stormbringer Draz\'kil', '', '', 0, 92, 92, 4, 0, 16, 16, 0, 0, 1, 1.14286, 1.14286, 1, 1, 43563, 69309, 0, 45299, 5, 2000, 2000, 1, 0, 2048, 0, 0, 0, 0, 0, 0, 0, 0, 0, 7, 2097224, 0, 0, 0, 0, 0, 0, 0, 0, 0, 0, 0, 0, 0, 0, 0, 0, 0, 0, 0, 0, 11240, 11240, '', 0, 3, 1, 70, 1, 1, 1, 0, 0, 0, 0, 0, 0, 0, 0, 1, 0, 0, 0, '', 17614),
(704456, 0, 0, 0, 0, 0, 0, 0, 0, 0, 0, 0, 0, 0, 0, 0, 0, 0, 48049, 0, 0, 0, 'Stormbringer Draz\'kil', '', '', 0, 92, 92, 4, 0, 16, 16, 0, 0, 1, 1.14286, 1.14286, 1, 1, 43563, 69309, 0, 45299, 5, 2000, 2000, 1, 0, 2048, 0, 0, 0, 0, 0, 0, 0, 0, 0, 7, 2097224, 0, 0, 0, 0, 0, 0, 0, 0, 0, 0, 0, 0, 0, 0, 0, 0, 0, 0, 0, 0, 11240, 11240, '', 0, 3, 1, 210, 1, 1, 1, 0, 0, 0, 0, 0, 0, 0, 0, 1, 0, 0, 0, '', 17614),

(70448, 0, 0, 0, 704484, 704485, 704486, 0, 0, 0, 0, 0, 0, 0, 0, 0, 0, 0, 48052, 48051, 48050, 0, 'Ancient Python', '', '', 0, 90, 90, 4, 0, 16, 16, 0, 0, 1, 1.42857, 1.14286, 1, 1, 43563, 69309, 0, 45299, 3, 2000, 2000, 1, 0, 2048, 0, 35, 0, 0, 0, 0, 0, 0, 0, 1, 2097224, 0, 0, 0, 0, 0, 0, 0, 0, 0, 0, 0, 0, 0, 0, 0, 0, 0, 0, 0, 0, 0, 0, '', 0, 3, 1, 5, 1, 1, 1, 0, 0, 0, 0, 0, 0, 0, 144, 1, 0, 0, 0, '', 17614),
(704484, 0, 0, 0, 0, 0, 0, 0, 0, 0, 0, 0, 0, 0, 0, 0, 0, 0, 48052, 48051, 48050, 0, 'Ancient Python', '', '', 0, 90, 90, 4, 0, 16, 16, 0, 0, 1, 1.42857, 1.14286, 1, 1, 43563, 69309, 0, 45299, 3, 2000, 2000, 1, 0, 2048, 0, 35, 0, 0, 0, 0, 0, 0, 0, 1, 2097224, 0, 0, 0, 0, 0, 0, 0, 0, 0, 0, 0, 0, 0, 0, 0, 0, 0, 0, 0, 0, 0, 0, '', 0, 3, 1, 15, 1, 1, 1, 0, 0, 0, 0, 0, 0, 0, 144, 1, 0, 0, 0, '', 17614),
(704485, 0, 0, 0, 0, 0, 0, 0, 0, 0, 0, 0, 0, 0, 0, 0, 0, 0, 48052, 48051, 48050, 0, 'Ancient Python', '', '', 0, 90, 90, 4, 0, 16, 16, 0, 0, 1, 1.42857, 1.14286, 1, 1, 43563, 69309, 0, 45299, 4, 2000, 2000, 1, 0, 2048, 0, 35, 0, 0, 0, 0, 0, 0, 0, 1, 2097224, 0, 0, 0, 0, 0, 0, 0, 0, 0, 0, 0, 0, 0, 0, 0, 0, 0, 0, 0, 0, 0, 0, '', 0, 3, 1, 5, 1, 1, 1, 0, 0, 0, 0, 0, 0, 0, 144, 1, 0, 0, 0, '', 17614),
(704486, 0, 0, 0, 0, 0, 0, 0, 0, 0, 0, 0, 0, 0, 0, 0, 0, 0, 48052, 48051, 48050, 0, 'Ancient Python', '', '', 0, 90, 90, 4, 0, 16, 16, 0, 0, 1, 1.42857, 1.14286, 1, 1, 43563, 69309, 0, 45299, 4, 2000, 2000, 1, 0, 2048, 0, 35, 0, 0, 0, 0, 0, 0, 0, 1, 2097224, 0, 0, 0, 0, 0, 0, 0, 0, 0, 0, 0, 0, 0, 0, 0, 0, 0, 0, 0, 0, 0, 0, '', 0, 3, 1, 15, 1, 1, 1, 0, 0, 0, 0, 0, 0, 0, 144, 1, 0, 0, 0, '', 17614),

(69911, 0, 0, 0, 699114, 699115, 699116, 0, 0, 0, 0, 0, 0, 0, 0, 0, 0, 0, 47760, 0, 0, 0, 'Zandalari Warlord', '', '', 0, 92, 92, 4, 0, 16, 16, 0, 0, 1, 1.14286, 1.14286, 1, 1, 43563, 69309, 0, 45299, 3, 2000, 2000, 1, 0, 0, 0, 0, 0, 0, 0, 0, 0, 0, 0, 7, 2097224, 0, 0, 0, 0, 0, 0, 0, 0, 0, 0, 0, 0, 0, 0, 0, 0, 0, 0, 0, 0, 11376, 11376, '', 0, 3, 1, 40, 1, 1, 1, 0, 0, 0, 0, 0, 0, 0, 174, 1, 0, 0, 0, '', 17614),
(699114, 0, 0, 0, 0, 0, 0, 0, 0, 0, 0, 0, 0, 0, 0, 0, 0, 0, 47760, 0, 0, 0, 'Zandalari Warlord', '', '', 0, 92, 92, 4, 0, 16, 16, 0, 0, 1, 1.14286, 1.14286, 1, 1, 43563, 69309, 0, 45299, 3, 2000, 2000, 1, 0, 0, 0, 0, 0, 0, 0, 0, 0, 0, 0, 7, 2097224, 0, 0, 0, 0, 0, 0, 0, 0, 0, 0, 0, 0, 0, 0, 0, 0, 0, 0, 0, 0, 11376, 11376, '', 0, 3, 1, 120, 1, 1, 1, 0, 0, 0, 0, 0, 0, 0, 174, 1, 0, 0, 0, '', 17614),
(699115, 0, 0, 0, 0, 0, 0, 0, 0, 0, 0, 0, 0, 0, 0, 0, 0, 0, 47760, 0, 0, 0, 'Zandalari Warlord', '', '', 0, 92, 92, 4, 0, 16, 16, 0, 0, 1, 1.14286, 1.14286, 1, 1, 43563, 69309, 0, 45299, 4, 2000, 2000, 1, 0, 0, 0, 0, 0, 0, 0, 0, 0, 0, 0, 7, 2097224, 0, 0, 0, 0, 0, 0, 0, 0, 0, 0, 0, 0, 0, 0, 0, 0, 0, 0, 0, 0, 11376, 11376, '', 0, 3, 1, 40, 1, 1, 1, 0, 0, 0, 0, 0, 0, 0, 174, 1, 0, 0, 0, '', 17614),
(699116, 0, 0, 0, 0, 0, 0, 0, 0, 0, 0, 0, 0, 0, 0, 0, 0, 0, 47760, 0, 0, 0, 'Zandalari Warlord', '', '', 0, 92, 92, 4, 0, 16, 16, 0, 0, 1, 1.14286, 1.14286, 1, 1, 43563, 69309, 0, 45299, 4, 2000, 2000, 1, 0, 0, 0, 0, 0, 0, 0, 0, 0, 0, 0, 7, 2097224, 0, 0, 0, 0, 0, 0, 0, 0, 0, 0, 0, 0, 0, 0, 0, 0, 0, 0, 0, 0, 11376, 11376, '', 0, 3, 1, 120, 1, 1, 1, 0, 0, 0, 0, 0, 0, 0, 174, 1, 0, 0, 0, '', 17614),

(69927, 0, 0, 0, 699274, 699275, 699276, 0, 0, 0, 0, 0, 0, 0, 0, 0, 0, 0, 47885, 0, 0, 0, 'Zandalari Prelate', '', '', 0, 92, 92, 4, 0, 16, 16, 0, 0, 1, 1.14286, 1.14286, 1, 1, 43563, 69309, 0, 45299, 3, 2000, 2000, 1, 0, 0, 0, 0, 0, 0, 0, 0, 0, 0, 0, 7, 2097224, 0, 0, 0, 0, 0, 0, 0, 0, 0, 0, 0, 0, 0, 0, 0, 0, 0, 0, 0, 0, 11416, 11416, '', 0, 3, 1, 20, 1, 1, 1, 0, 0, 0, 0, 0, 0, 0, 171, 1, 0, 0, 0, '', 17614),
(699274, 0, 0, 0, 0, 0, 0, 0, 0, 0, 0, 0, 0, 0, 0, 0, 0, 0, 47885, 0, 0, 0, 'Zandalari Prelate', '', '', 0, 92, 92, 4, 0, 16, 16, 0, 0, 1, 1.14286, 1.14286, 1, 1, 43563, 69309, 0, 45299, 3, 2000, 2000, 1, 0, 0, 0, 0, 0, 0, 0, 0, 0, 0, 0, 7, 2097224, 0, 0, 0, 0, 0, 0, 0, 0, 0, 0, 0, 0, 0, 0, 0, 0, 0, 0, 0, 0, 11416, 11416, '', 0, 3, 1, 60, 1, 1, 1, 0, 0, 0, 0, 0, 0, 0, 171, 1, 0, 0, 0, '', 17614),
(699275, 0, 0, 0, 0, 0, 0, 0, 0, 0, 0, 0, 0, 0, 0, 0, 0, 0, 47885, 0, 0, 0, 'Zandalari Prelate', '', '', 0, 92, 92, 4, 0, 16, 16, 0, 0, 1, 1.14286, 1.14286, 1, 1, 43563, 69309, 0, 45299, 4, 2000, 2000, 1, 0, 0, 0, 0, 0, 0, 0, 0, 0, 0, 0, 7, 2097224, 0, 0, 0, 0, 0, 0, 0, 0, 0, 0, 0, 0, 0, 0, 0, 0, 0, 0, 0, 0, 11416, 11416, '', 0, 3, 1, 20, 1, 1, 1, 0, 0, 0, 0, 0, 0, 0, 171, 1, 0, 0, 0, '', 17614),
(699276, 0, 0, 0, 0, 0, 0, 0, 0, 0, 0, 0, 0, 0, 0, 0, 0, 0, 47885, 0, 0, 0, 'Zandalari Prelate', '', '', 0, 92, 92, 4, 0, 16, 16, 0, 0, 1, 1.14286, 1.14286, 1, 1, 43563, 69309, 0, 45299, 4, 2000, 2000, 1, 0, 0, 0, 0, 0, 0, 0, 0, 0, 0, 0, 7, 2097224, 0, 0, 0, 0, 0, 0, 0, 0, 0, 0, 0, 0, 0, 0, 0, 0, 0, 0, 0, 0, 11416, 11416, '', 0, 3, 1, 60, 1, 1, 1, 0, 0, 0, 0, 0, 0, 0, 171, 1, 0, 0, 0, '', 17614),

(70557, 0, 0, 0, 705574, 705575, 705576, 0, 0, 0, 0, 0, 0, 0, 0, 0, 0, 0, 48121, 0, 0, 0, 'Zandalari Prophet', '', '', 0, 92, 92, 4, 0, 16, 16, 0, 0, 1, 1.71429, 1.14286, 1, 1, 43563, 69309, 0, 45299, 3, 2000, 2000, 2, 32768, 2099200, 0, 0, 0, 0, 0, 0, 0, 0, 0, 7, 2097224, 0, 0, 0, 0, 0, 0, 0, 0, 0, 0, 0, 0, 0, 0, 0, 0, 0, 0, 0, 0, 11454, 11454, '', 0, 3, 1, 18, 1, 1, 1, 0, 0, 0, 0, 0, 0, 0, 171, 1, 0, 0, 0, '', 17614),
(705574, 0, 0, 0, 0, 0, 0, 0, 0, 0, 0, 0, 0, 0, 0, 0, 0, 0, 48121, 0, 0, 0, 'Zandalari Prophet', '', '', 0, 92, 92, 4, 0, 16, 16, 0, 0, 1, 1.71429, 1.14286, 1, 1, 43563, 69309, 0, 45299, 3, 2000, 2000, 2, 32768, 2099200, 0, 0, 0, 0, 0, 0, 0, 0, 0, 7, 2097224, 0, 0, 0, 0, 0, 0, 0, 0, 0, 0, 0, 0, 0, 0, 0, 0, 0, 0, 0, 0, 11454, 11454, '', 0, 3, 1, 54, 1, 1, 1, 0, 0, 0, 0, 0, 0, 0, 171, 1, 0, 0, 0, '', 17614),
(705575, 0, 0, 0, 0, 0, 0, 0, 0, 0, 0, 0, 0, 0, 0, 0, 0, 0, 48121, 0, 0, 0, 'Zandalari Prophet', '', '', 0, 92, 92, 4, 0, 16, 16, 0, 0, 1, 1.71429, 1.14286, 1, 1, 43563, 69309, 0, 45299, 4, 2000, 2000, 2, 32768, 2099200, 0, 0, 0, 0, 0, 0, 0, 0, 0, 7, 2097224, 0, 0, 0, 0, 0, 0, 0, 0, 0, 0, 0, 0, 0, 0, 0, 0, 0, 0, 0, 0, 11454, 11454, '', 0, 3, 1, 18, 1, 1, 1, 0, 0, 0, 0, 0, 0, 0, 171, 1, 0, 0, 0, '', 17614),
(705576, 0, 0, 0, 0, 0, 0, 0, 0, 0, 0, 0, 0, 0, 0, 0, 0, 0, 48121, 0, 0, 0, 'Zandalari Prophet', '', '', 0, 92, 92, 4, 0, 16, 16, 0, 0, 1, 1.71429, 1.14286, 1, 1, 43563, 69309, 0, 45299, 4, 2000, 2000, 2, 32768, 2099200, 0, 0, 0, 0, 0, 0, 0, 0, 0, 7, 2097224, 0, 0, 0, 0, 0, 0, 0, 0, 0, 0, 0, 0, 0, 0, 0, 0, 0, 0, 0, 0, 11454, 11454, '', 0, 3, 1, 54, 1, 1, 1, 0, 0, 0, 0, 0, 0, 0, 171, 1, 0, 0, 0, '', 17614);


UPDATE `creature_template` SET `ScriptName`='npc_throne_of_thunder_ancient_python' WHERE `entry`=70448;
UPDATE `creature_template` SET `ScriptName`='npc_throne_of_thunder_spirit_flayer' WHERE `entry`=70246;
UPDATE `creature_template` SET `ScriptName`='npc_throne_of_thunder_tormented_spirit' WHERE `entry`=70341;
UPDATE `creature_template` SET `ScriptName`='npc_throne_of_thunder_soul_fed_construct' WHERE `entry`=70308;
UPDATE `creature_template` SET `ScriptName`='npc_throne_of_thunder_stormbringer_drazkil' WHERE `entry`=70445;
UPDATE `creature_template` SET `ScriptName`='npc_throne_of_thunder_gurubashi_berserker' WHERE `entry`=69905;
UPDATE `creature_template` SET `ScriptName`='npc_throne_of_thunder_drakkari_frost_warden' WHERE `entry`=69910;
UPDATE `creature_template` SET `ScriptName`='npc_throne_of_thunder_glacial_freeze_totem' WHERE `entry`=70047;
UPDATE `creature_template` SET `ScriptName`='npc_throne_of_thunder_amanishi_flame_chanter' WHERE `entry`=69909;
UPDATE `creature_template` SET `ScriptName`='npc_throne_of_thunder_eruption' WHERE `entry`=70029;
UPDATE `creature_template` SET `ScriptName`='npc_throne_of_thunder_farraki_sand_conjurer' WHERE `entry`=69899;
UPDATE `creature_template` SET `ScriptName`='npc_throne_of_thunder_gurubashi_berserker2' WHERE `entry`=69916;
UPDATE `creature_template` SET `ScriptName`='npc_throne_of_thunder_zandalari_high_priest' WHERE `entry`=69906;
UPDATE `creature_template` SET `ScriptName`='npc_throne_of_thunder_zandalari_prophet' WHERE `entry`=70557;
UPDATE `creature_template` SET `ScriptName`='npc_throne_of_thunder_zandalari_warlord' WHERE `entry`=69911;
UPDATE `creature_template` SET `ScriptName`='npc_throne_of_thunder_zandalari_prelate' WHERE `entry`=69927;


DELETE FROM `spell_script_names` WHERE `spell_id` IN
(139461, 138607, 138652, 140636);
INSERT INTO `spell_script_names` (`spell_id`, `ScriptName`) VALUES
(139461, 'spell_throne_of_thunder_spirit_light'),
(138607, 'spell_throne_of_thunder_call_flames'),
(138652, 'spell_throne_of_thunder_eruption'),
(140636, 'spell_throne_of_thunder_conjure_elementals');