DELETE FROM `creature` WHERE `id` IN 
(70545, 70587, 70153, 70594, 70586, 70589);
INSERT INTO `creature` (`id`, `map`, `zoneId`, `areaId`, `spawnMask`, `phaseMask`, `modelid`, `equipment_id`, `position_x`, `position_y`, `position_z`, `orientation`, `spawntimesecs`, `spawndist`, `currentwaypoint`, `curhealth`, `curmana`, `MovementType`, `npcflag`, `npcflag2`, `unit_flags`, `unit_flags2`, `dynamicflags`, `isActive`, `protec_anti_doublet`) VALUES 
(70545, 1098, 6622, 6622, 120, 1, 0, 0, 6161.15, 4918.51, -77.9185, 4.04951, 7200, 0, 0, 1, 0, 0, 0, 0, 0, 0, 0, 0, NULL),
(70545, 1098, 6622, 6706, 120, 1, 0, 0, 6161.37, 4913.38, -78.3878, 2.44666, 7200, 0, 0, 1, 0, 0, 0, 0, 0, 0, 0, 0, NULL),
(70545, 1098, 6622, 6622, 120, 1, 0, 0, 6161.98, 4915.63, -78.9803, 1.69498, 7200, 0, 0, 1, 0, 0, 0, 0, 0, 0, 0, 0, NULL),
(70545, 1098, 6622, 6706, 120, 1, 0, 0, 6162.31, 4910.25, -79.3836, 4.04951, 7200, 0, 0, 1, 0, 0, 0, 0, 0, 0, 0, 0, NULL),
(70545, 1098, 6622, 6622, 120, 1, 0, 0, 6165.33, 4915.72, -79.8245, 1.4967, 7200, 0, 0, 1, 0, 0, 0, 0, 0, 0, 0, 0, NULL),
(70545, 1098, 6622, 6622, 120, 1, 0, 0, 6165.91, 4922.54, -79.1794, 5.97328, 7200, 0, 0, 1, 0, 0, 0, 0, 0, 0, 0, 0, NULL),
(70545, 1098, 6622, 6622, 120, 1, 0, 0, 6166.45, 4908.45, -81.9798, 4.04951, 7200, 0, 0, 1, 0, 0, 0, 0, 0, 0, 0, 0, NULL),
(70545, 1098, 6622, 6622, 120, 1, 0, 0, 6168.27, 4912.94, -81.6285, 0.0649811, 7200, 0, 0, 1, 0, 0, 0, 0, 0, 0, 0, 0, NULL),
(70545, 1098, 6622, 6706, 120, 1, 0, 0, 6168.51, 4919.07, -79.8128, 4.04951, 7200, 0, 0, 1, 0, 0, 0, 0, 0, 0, 0, 0, NULL),
(70545, 1098, 6622, 6622, 120, 1, 0, 0, 6169.99, 4915.78, -81.5819, 5.68837, 7200, 0, 0, 1, 0, 0, 0, 0, 0, 0, 0, 0, NULL),
(70545, 1098, 6622, 6706, 120, 1, 0, 0, 6182.33, 4716.08, -170.582, 2.33353, 7200, 0, 0, 1, 0, 0, 0, 0, 0, 0, 0, 0, NULL),
(70545, 1098, 6622, 6622, 120, 1, 0, 0, 6182.8, 4703.34, -172.942, 2.89756, 7200, 0, 0, 1, 0, 0, 0, 0, 0, 0, 0, 0, NULL),
(70545, 1098, 6622, 6706, 120, 1, 0, 0, 6185.83, 4695.07, -170.833, 4.70675, 7200, 0, 0, 1, 0, 0, 0, 0, 0, 0, 0, 0, NULL),
(70545, 1098, 6622, 6622, 120, 1, 0, 0, 6190.32, 4725.29, -171.553, 5.28266, 7200, 0, 0, 1, 0, 0, 0, 0, 0, 0, 0, 0, NULL),
(70545, 1098, 6622, 6622, 120, 1, 0, 0, 6193.5, 4711.23, -172.403, 4.38063, 7200, 0, 0, 1, 0, 0, 0, 0, 0, 0, 0, 0, NULL),
(70545, 1098, 6622, 6622, 120, 1, 0, 0, 6193.95, 4692.88, -171.408, 1.22648, 7200, 0, 0, 1, 0, 0, 0, 0, 0, 0, 0, 0, NULL),
(70545, 1098, 6622, 6622, 120, 1, 0, 0, 6196.03, 4704.05, -171.208, 4.70675, 7200, 0, 0, 1, 0, 0, 0, 0, 0, 0, 0, 0, NULL),
(70545, 1098, 6622, 6706, 120, 1, 0, 0, 6199.24, 4695.98, -170.841, 4.70675, 7200, 0, 0, 1, 0, 0, 0, 0, 0, 0, 0, 0, NULL),
(70545, 1098, 6622, 6706, 120, 1, 0, 0, 6200.01, 4722.12, -170.633, 4.70675, 7200, 0, 0, 1, 0, 0, 0, 0, 0, 0, 0, 0, NULL),
(70545, 1098, 6622, 6706, 120, 1, 0, 0, 6203.04, 4664.81, -170.582, 4.75181, 7200, 0, 0, 1, 0, 0, 0, 0, 0, 0, 0, 0, NULL),
(70545, 1098, 6622, 6706, 120, 1, 0, 0, 6203.91, 4656.84, -170.582, 2.8365, 7200, 0, 0, 1, 0, 0, 0, 0, 0, 0, 0, 0, NULL),
(70545, 1098, 6622, 6706, 120, 1, 0, 0, 6206.1, 4703.51, -170.733, 2.91445, 7200, 0, 0, 1, 0, 0, 0, 0, 0, 0, 0, 0, NULL),
(70545, 1098, 6622, 6622, 120, 1, 0, 0, 6206.52, 4675.23, -171.076, 4.70675, 7200, 0, 0, 1, 0, 0, 0, 0, 0, 0, 0, 0, NULL),
(70545, 1098, 6622, 6706, 120, 1, 0, 0, 6207.87, 4711.9, -170.582, 4.70675, 7200, 0, 0, 1, 0, 0, 0, 0, 0, 0, 0, 0, NULL),
(70545, 1098, 6622, 6622, 120, 1, 0, 0, 6210.02, 4660.42, -171.095, 1.07768, 7200, 0, 0, 1, 0, 0, 0, 0, 0, 0, 0, 0, NULL),
(70545, 1098, 6622, 6706, 120, 1, 0, 0, 6211.03, 4653.31, -170.582, 5.95404, 7200, 0, 0, 1, 0, 0, 0, 0, 0, 0, 0, 0, NULL),
(70545, 1098, 6622, 6622, 120, 1, 0, 0, 6212.79, 4668.7, -171.049, 4.70675, 7200, 0, 0, 1, 0, 0, 0, 0, 0, 0, 0, 0, NULL),
(70545, 1098, 6622, 6622, 120, 1, 0, 0, 6215.98, 4709.22, -171.185, 5.55117, 7200, 0, 0, 1, 0, 0, 0, 0, 0, 0, 0, 0, NULL),
(70545, 1098, 6622, 6622, 120, 1, 0, 0, 6217.73, 4676.72, -170.905, 1.5634, 7200, 0, 0, 1, 0, 0, 0, 0, 0, 0, 0, 0, NULL),
(70545, 1098, 6622, 6622, 120, 1, 0, 0, 6218.42, 4667.96, -170.926, 1.6782, 7200, 0, 0, 1, 0, 0, 0, 0, 0, 0, 0, 0, NULL),
(70545, 1098, 6622, 6622, 120, 1, 0, 0, 6221.02, 4718.71, -171.399, 4.07046, 7200, 0, 0, 1, 0, 0, 0, 0, 0, 0, 0, 0, NULL),
(70545, 1098, 6622, 6706, 120, 1, 0, 0, 6221.56, 4652.2, -170.553, 1.06948, 7200, 0, 0, 1, 0, 0, 0, 0, 0, 0, 0, 0, NULL),
(70545, 1098, 6622, 6706, 120, 1, 0, 0, 6222.11, 4657.75, -170.529, 4.13269, 7200, 0, 0, 1, 0, 0, 0, 0, 0, 0, 0, 0, NULL),
(70545, 1098, 6622, 6622, 120, 1, 0, 0, 6222.61, 4708.3, -171.04, 1.22749, 7200, 0, 0, 1, 0, 0, 0, 0, 0, 0, 0, 0, NULL),
(70545, 1098, 6622, 6622, 120, 1, 0, 0, 6223.53, 4678.3, -171.314, 1.31964, 7200, 0, 0, 1, 0, 0, 0, 0, 0, 0, 0, 0, NULL),
(70545, 1098, 6622, 6622, 120, 1, 0, 0, 6226.47, 4669.73, -171.055, 2.39138, 7200, 0, 0, 1, 0, 0, 0, 0, 0, 0, 0, 0, NULL),
(70545, 1098, 6622, 6622, 120, 1, 0, 0, 6226.87, 4662.53, -171.617, 5.97475, 7200, 0, 0, 1, 0, 0, 0, 0, 0, 0, 0, 0, NULL),
(70545, 1098, 6622, 6706, 120, 1, 0, 0, 6230.49, 4653.92, -170.46, 2.90105, 7200, 0, 0, 1, 0, 0, 0, 0, 0, 0, 0, 0, NULL),
(70545, 1098, 6622, 6706, 120, 1, 0, 0, 6232.44, 4681.01, -170.347, 5.60968, 7200, 0, 0, 1, 0, 0, 0, 0, 0, 0, 0, 0, NULL),
(70545, 1098, 6622, 6706, 120, 1, 0, 0, 6234.37, 4671.72, -170.33, 5.0173, 7200, 0, 0, 1, 0, 0, 0, 0, 0, 0, 0, 0, NULL),
(70545, 1098, 6622, 6706, 120, 1, 0, 0, 6237.33, 4681.64, -170.276, 2.46704, 7200, 0, 0, 1, 0, 0, 0, 0, 0, 0, 0, 0, NULL),
(70545, 1098, 6622, 6622, 120, 1, 0, 0, 6263.98, 4724.08, -170.901, 4.89864, 7200, 0, 0, 1, 0, 0, 0, 0, 0, 0, 0, 0, NULL),
(70545, 1098, 6622, 6622, 120, 1, 0, 0, 6269.77, 4717.29, -170.541, 0.848459, 7200, 0, 0, 1, 0, 0, 0, 0, 0, 0, 0, 0, NULL),
(70545, 1098, 6622, 6622, 120, 1, 0, 0, 6269.9, 4727.8, -170.548, 3.18273, 7200, 0, 0, 1, 0, 0, 0, 0, 0, 0, 0, 0, NULL),
(70545, 1098, 6622, 6706, 120, 1, 0, 0, 6270.45, 4734.47, -170.248, 1.09068, 7200, 0, 0, 1, 0, 0, 0, 0, 0, 0, 0, 0, NULL),
(70545, 1098, 6622, 6622, 120, 1, 0, 0, 6276.27, 4732.05, -170.736, 0.535247, 7200, 0, 0, 1, 0, 0, 0, 0, 0, 0, 0, 0, NULL),
(70545, 1098, 6622, 6622, 120, 1, 0, 0, 6276.73, 4719.79, -170.567, 5.07932, 7200, 0, 0, 1, 0, 0, 0, 0, 0, 0, 0, 0, NULL),
(70545, 1098, 6622, 6706, 120, 1, 0, 0, 6277.87, 4711.23, -169.772, 2.26399, 7200, 0, 0, 1, 0, 0, 0, 0, 0, 0, 0, 0, NULL),
(70545, 1098, 6622, 6622, 120, 1, 0, 0, 6281, 4725.16, -170.647, 1.07993, 7200, 0, 0, 1, 0, 0, 0, 0, 0, 0, 0, 0, NULL),
(70545, 1098, 6622, 6706, 120, 1, 0, 0, 6281.93, 4850.9, -155.865, 2.08196, 7200, 0, 0, 1, 0, 0, 0, 0, 0, 0, 0, 0, NULL),
(70545, 1098, 6622, 6706, 120, 1, 0, 0, 6282.85, 4714.77, -169.47, 5.4162, 7200, 0, 0, 1, 0, 0, 0, 0, 0, 0, 0, 0, NULL),
(70545, 1098, 6622, 6622, 120, 1, 0, 0, 6284.18, 4845.76, -156.109, 3.84788, 7200, 0, 0, 1, 0, 0, 0, 0, 0, 0, 0, 0, NULL),
(70545, 1098, 6622, 6706, 120, 1, 0, 0, 6284.88, 4737.34, -169.46, 2.26093, 7200, 0, 0, 1, 0, 0, 0, 0, 0, 0, 0, 0, NULL),
(70545, 1098, 6622, 6706, 120, 1, 0, 0, 6284.94, 4728.88, -169.639, 4.70675, 7200, 0, 0, 1, 0, 0, 0, 0, 0, 0, 0, 0, NULL),
(70545, 1098, 6622, 6706, 120, 1, 0, 0, 6285.2, 4842, -154.609, 5.08546, 7200, 0, 0, 1, 0, 0, 0, 0, 0, 0, 0, 0, NULL),
(70545, 1098, 6622, 6622, 120, 1, 0, 0, 6286.69, 4854.03, -157.987, 4.23861, 7200, 0, 0, 1, 0, 0, 0, 0, 0, 0, 0, 0, NULL),
(70545, 1098, 6622, 6622, 120, 1, 0, 0, 6287.46, 4721.85, -169.759, 2.67408, 7200, 0, 0, 1, 0, 0, 0, 0, 0, 0, 0, 0, NULL),
(70545, 1098, 6622, 6706, 120, 1, 0, 0, 6289.41, 4834.15, -154.143, 5.22785, 7200, 0, 0, 1, 0, 0, 0, 0, 0, 0, 0, 0, NULL),
(70545, 1098, 6622, 6706, 120, 1, 0, 0, 6289.83, 4839.34, -154.945, 0.268771, 7200, 0, 0, 1, 0, 0, 0, 0, 0, 0, 0, 0, NULL),
(70545, 1098, 6622, 6622, 120, 1, 0, 0, 6290.13, 4847.13, -157.046, 3.73172, 7200, 0, 0, 1, 0, 0, 0, 0, 0, 0, 0, 0, NULL),
(70545, 1098, 6622, 6706, 120, 1, 0, 0, 6292.45, 4856.41, -159.281, 0.631754, 7200, 0, 0, 1, 0, 0, 0, 0, 0, 0, 0, 0, NULL),
(70545, 1098, 6622, 6706, 120, 1, 0, 0, 6292.89, 4767.38, -170.558, 3.19491, 7200, 0, 0, 1, 0, 0, 0, 0, 0, 0, 0, 0, NULL),
(70545, 1098, 6622, 6706, 120, 1, 0, 0, 6294.14, 4719.41, -168.578, 4.41399, 7200, 0, 0, 1, 0, 0, 0, 0, 0, 0, 0, 0, NULL),
(70545, 1098, 6622, 6706, 120, 1, 0, 0, 6295.27, 4851.98, -158.587, 3.46655, 7200, 0, 0, 1, 0, 0, 0, 0, 0, 0, 0, 0, NULL),
(70545, 1098, 6622, 6622, 120, 1, 0, 0, 6295.41, 4835.06, -155.721, 3.14253, 7200, 0, 0, 1, 0, 0, 0, 0, 0, 0, 0, 0, NULL),
(70545, 1098, 6622, 6706, 120, 1, 0, 0, 6296.27, 4776.15, -170.732, 5.99803, 7200, 0, 0, 1, 0, 0, 0, 0, 0, 0, 0, 0, NULL),
(70545, 1098, 6622, 6706, 120, 1, 0, 0, 6298.08, 4846.55, -158.108, 5.16776, 7200, 0, 0, 1, 0, 0, 0, 0, 0, 0, 0, 0, NULL),
(70545, 1098, 6622, 6622, 120, 1, 0, 0, 6299.61, 4784.28, -171.939, 0.108605, 7200, 0, 0, 1, 0, 0, 0, 0, 0, 0, 0, 0, NULL),
(70545, 1098, 6622, 6706, 120, 1, 0, 0, 6299.94, 4833.65, -155.665, 5.48911, 7200, 0, 0, 1, 0, 0, 0, 0, 0, 0, 0, 0, NULL),
(70545, 1098, 6622, 6622, 120, 1, 0, 0, 6300.48, 4722.36, -168.742, 4.70675, 7200, 0, 0, 1, 0, 0, 0, 0, 0, 0, 0, 0, NULL),
(70545, 1098, 6622, 6622, 120, 1, 0, 0, 6301.23, 4843.54, -158.202, 0.438114, 7200, 0, 0, 1, 0, 0, 0, 0, 0, 0, 0, 0, NULL),
(70545, 1098, 6622, 6622, 120, 1, 0, 0, 6302.32, 4771.56, -171.137, 4.21672, 7200, 0, 0, 1, 0, 0, 0, 0, 0, 0, 0, 0, NULL),
(70545, 1098, 6622, 6622, 120, 1, 0, 0, 6303.49, 4761.42, -170.842, 0.0905539, 7200, 0, 0, 1, 0, 0, 0, 0, 0, 0, 0, 0, NULL),
(70545, 1098, 6622, 6706, 120, 1, 0, 0, 6303.88, 4921.44, -161.258, 5.86311, 7200, 0, 0, 1, 0, 0, 0, 0, 0, 0, 0, 0, NULL),
(70545, 1098, 6622, 6706, 120, 1, 0, 0, 6304.67, 4779.2, -170.759, 5.14585, 7200, 0, 0, 1, 0, 0, 0, 0, 0, 0, 0, 0, NULL),
(70545, 1098, 6622, 6706, 120, 1, 0, 0, 6305.88, 4914.73, -161.321, 4.70675, 7200, 0, 0, 1, 0, 0, 0, 0, 0, 0, 0, 0, NULL),
(70545, 1098, 6622, 6706, 120, 1, 0, 0, 6307.47, 4764.69, -170.459, 0.293672, 7200, 0, 0, 1, 0, 0, 0, 0, 0, 0, 0, 0, NULL),
(70545, 1098, 6622, 6706, 120, 1, 0, 0, 6309.01, 4904.87, -161.452, 5.49988, 7200, 0, 0, 1, 0, 0, 0, 0, 0, 0, 0, 0, NULL),
(70545, 1098, 6622, 6622, 120, 1, 0, 0, 6309.52, 4768.76, -170.967, 1.0092, 7200, 0, 0, 1, 0, 0, 0, 0, 0, 0, 0, 0, NULL),
(70545, 1098, 6622, 6622, 120, 1, 0, 0, 6310.23, 4782.33, -171.412, 2.53059, 7200, 0, 0, 1, 0, 0, 0, 0, 0, 0, 0, 0, NULL),
(70545, 1098, 6622, 6706, 120, 1, 0, 0, 6311.02, 4923.88, -161.32, 0.0130793, 7200, 0, 0, 1, 0, 0, 0, 0, 0, 0, 0, 0, NULL),
(70545, 1098, 6622, 6706, 120, 1, 0, 0, 6311.15, 4908.64, -161.443, 4.11012, 7200, 0, 0, 1, 0, 0, 0, 0, 0, 0, 0, 0, NULL),
(70545, 1098, 6622, 6706, 120, 1, 0, 0, 6312.21, 4773.76, -170.615, 2.58657, 7200, 0, 0, 1, 0, 0, 0, 0, 0, 0, 0, 0, NULL),
(70545, 1098, 6622, 6622, 120, 1, 0, 0, 6314.81, 4762.95, -170.686, 3.56797, 7200, 0, 0, 1, 0, 0, 0, 0, 0, 0, 0, 0, NULL),
(70545, 1098, 6622, 6706, 120, 1, 0, 0, 6315.58, 4778.79, -170.65, 4.56846, 7200, 0, 0, 1, 0, 0, 0, 0, 0, 0, 0, 0, NULL),
(70545, 1098, 6622, 6706, 120, 1, 0, 0, 6317.04, 4921.19, -161.408, 3.12337, 7200, 0, 0, 1, 0, 0, 0, 0, 0, 0, 0, 0, NULL),
(70545, 1098, 6622, 6622, 120, 1, 0, 0, 6317.72, 4873.1, -162.206, 3.20569, 7200, 0, 0, 1, 0, 0, 0, 0, 0, 0, 0, 0, NULL),
(70545, 1098, 6622, 6706, 120, 1, 0, 0, 6317.84, 4913.66, -161.491, 0.0703596, 7200, 0, 0, 1, 0, 0, 0, 0, 0, 0, 0, 0, NULL),
(70545, 1098, 6622, 6706, 120, 1, 0, 0, 6319.02, 4770.77, -170.434, 0.570157, 7200, 0, 0, 1, 0, 0, 0, 0, 0, 0, 0, 0, NULL),
(70545, 1098, 6622, 6706, 120, 1, 0, 0, 6319.44, 4907.3, -161.633, 0.373116, 7200, 0, 0, 1, 0, 0, 0, 0, 0, 0, 0, 0, NULL),
(70545, 1098, 6622, 6706, 120, 1, 0, 0, 6321.02, 4884.7, -161.859, 5.75238, 7200, 0, 0, 1, 0, 0, 0, 0, 0, 0, 0, 0, NULL),
(70545, 1098, 6622, 6706, 120, 1, 0, 0, 6321.37, 4918, -161.489, 4.64937, 7200, 0, 0, 1, 0, 0, 0, 0, 0, 0, 0, 0, NULL),
(70545, 1098, 6622, 6706, 120, 1, 0, 0, 6321.9, 4595.53, -198.745, 2.77407, 7200, 0, 0, 1, 0, 0, 0, 0, 0, 0, 0, 0, NULL),
(70545, 1098, 6622, 6706, 120, 1, 0, 0, 6322, 4589.33, -198.89, 6.163, 7200, 0, 0, 1, 0, 0, 0, 0, 0, 0, 0, 0, NULL),
(70545, 1098, 6622, 6622, 120, 1, 0, 0, 6324.6, 4875.99, -162.666, 0.408799, 7200, 0, 0, 1, 0, 0, 0, 0, 0, 0, 0, 0, NULL),
(70545, 1098, 6622, 6622, 120, 1, 0, 0, 6326.07, 4889.74, -162.632, 4.80731, 7200, 0, 0, 1, 0, 0, 0, 0, 0, 0, 0, 0, NULL),
(70545, 1098, 6622, 6706, 120, 1, 0, 0, 6326.37, 4922.42, -161.533, 4.90503, 7200, 0, 0, 1, 0, 0, 0, 0, 0, 0, 0, 0, NULL),
(70545, 1098, 6622, 6706, 120, 1, 0, 0, 6326.67, 4912.05, -161.746, 3.37654, 7200, 0, 0, 1, 0, 0, 0, 0, 0, 0, 0, 0, NULL),
(70545, 1098, 6622, 6622, 120, 1, 0, 0, 6327.2, 4868.17, -162.321, 2.30223, 7200, 0, 0, 1, 0, 0, 0, 0, 0, 0, 0, 0, NULL),
(70545, 1098, 6622, 6622, 120, 1, 0, 0, 6329.3, 4884.49, -162.852, 3.48955, 7200, 0, 0, 1, 0, 0, 0, 0, 0, 0, 0, 0, NULL),
(70545, 1098, 6622, 6706, 120, 1, 0, 0, 6329.52, 4569.84, -204.384, 4.70675, 7200, 0, 0, 1, 0, 0, 0, 0, 0, 0, 0, 0, NULL),
(70545, 1098, 6622, 6706, 120, 1, 0, 0, 6330.17, 4579.44, -202.456, 0.25394, 7200, 0, 0, 1, 0, 0, 0, 0, 0, 0, 0, 0, NULL),
(70545, 1098, 6622, 6706, 120, 1, 0, 0, 6330.92, 4594.85, -201.043, 6.27182, 7200, 0, 0, 1, 0, 0, 0, 0, 0, 0, 0, 0, NULL),
(70545, 1098, 6622, 6706, 120, 1, 0, 0, 6332.77, 4605.79, -199.947, 4.70675, 7200, 0, 0, 1, 0, 0, 0, 0, 0, 0, 0, 0, NULL),
(70545, 1098, 6622, 6706, 120, 1, 0, 0, 6333, 4871.05, -162.172, 5.57149, 7200, 0, 0, 1, 0, 0, 0, 0, 0, 0, 0, 0, NULL),
(70545, 1098, 6622, 6706, 120, 1, 0, 0, 6334.25, 4583.59, -204.009, 1.32562, 7200, 0, 0, 1, 0, 0, 0, 0, 0, 0, 0, 0, NULL),
(70545, 1098, 6622, 6622, 120, 1, 0, 0, 6334.94, 4878.49, -162.627, 6.00101, 7200, 0, 0, 1, 0, 0, 0, 0, 0, 0, 0, 0, NULL),
(70545, 1098, 6622, 6706, 120, 1, 0, 0, 6335.14, 4915.62, -162.02, 3.37654, 7200, 0, 0, 1, 0, 0, 0, 0, 0, 0, 0, 0, NULL),
(70545, 1098, 6622, 6622, 120, 1, 0, 0, 6335.77, 4885.79, -162.549, 2.30223, 7200, 0, 0, 1, 0, 0, 0, 0, 0, 0, 0, 0, NULL),
(70545, 1098, 6622, 6706, 120, 1, 0, 0, 6336.93, 4570.19, -206.777, 1.15199, 7200, 0, 0, 1, 0, 0, 0, 0, 0, 0, 0, 0, NULL),
(70545, 1098, 6622, 6706, 120, 1, 0, 0, 6337.27, 4924.45, -161.931, 0.158766, 7200, 0, 0, 1, 0, 0, 0, 0, 0, 0, 0, 0, NULL),
(70545, 1098, 6622, 6706, 120, 1, 0, 0, 6339.1, 4597.92, -202.751, 4.70675, 7200, 0, 0, 1, 0, 0, 0, 0, 0, 0, 0, 0, NULL),
(70545, 1098, 6622, 6622, 120, 1, 0, 0, 6341, 4839.92, -163.731, 2.30223, 7200, 0, 0, 1, 0, 0, 0, 0, 0, 0, 0, 0, NULL),
(70545, 1098, 6622, 6706, 120, 1, 0, 0, 6341.44, 4590.28, -205.182, 4.70675, 7200, 0, 0, 1, 0, 0, 0, 0, 0, 0, 0, 0, NULL),
(70545, 1098, 6622, 6706, 120, 1, 0, 0, 6341.51, 4604.86, -202.761, 4.70675, 7200, 0, 0, 1, 0, 0, 0, 0, 0, 0, 0, 0, NULL),
(70545, 1098, 6622, 6706, 120, 1, 0, 0, 6341.67, 4567.54, -208.761, 4.70675, 7200, 0, 0, 1, 0, 0, 0, 0, 0, 0, 0, 0, NULL),
(70545, 1098, 6622, 6706, 120, 1, 0, 0, 6342.21, 4574.46, -208.166, 4.70675, 7200, 0, 0, 1, 0, 0, 0, 0, 0, 0, 0, 0, NULL),
(70545, 1098, 6622, 6706, 120, 1, 0, 0, 6342.72, 4933.03, -161.68, 4.47334, 7200, 0, 0, 1, 0, 0, 0, 0, 0, 0, 0, 0, NULL),
(70545, 1098, 6622, 6706, 120, 1, 0, 0, 6343.31, 4920.28, -162.286, 5.75173, 7200, 0, 0, 1, 0, 0, 0, 0, 0, 0, 0, 0, NULL),
(70545, 1098, 6622, 6706, 120, 1, 0, 0, 6343.61, 4613.99, -202.695, 6.18941, 7200, 0, 0, 1, 0, 0, 0, 0, 0, 0, 0, 0, NULL),
(70545, 1098, 6622, 6706, 120, 1, 0, 0, 6343.86, 4608.33, -203.471, 4.70675, 7200, 0, 0, 1, 0, 0, 0, 0, 0, 0, 0, 0, NULL),
(70545, 1098, 6622, 6622, 120, 1, 0, 0, 6344.83, 4846.28, -162.733, 1.81733, 7200, 0, 0, 1, 0, 0, 0, 0, 0, 0, 0, 0, NULL),
(70545, 1098, 6622, 6706, 120, 1, 0, 0, 6345.12, 4582.81, -207.197, 4.70675, 7200, 0, 0, 1, 0, 0, 0, 0, 0, 0, 0, 0, NULL),
(70545, 1098, 6622, 6706, 120, 1, 0, 0, 6345.42, 4591.99, -206.432, 4.70675, 7200, 0, 0, 1, 0, 0, 0, 0, 0, 0, 0, 0, NULL),
(70545, 1098, 6622, 6622, 120, 1, 0, 0, 6347.65, 4855.25, -163.058, 5.10602, 7200, 0, 0, 1, 0, 0, 0, 0, 0, 0, 0, 0, NULL),
(70545, 1098, 6622, 6706, 120, 1, 0, 0, 6348.83, 4560.26, -209.652, 4.70675, 7200, 0, 0, 1, 0, 0, 0, 0, 0, 0, 0, 0, NULL),
(70545, 1098, 6622, 6622, 120, 1, 0, 0, 6349.53, 4841.45, -163.545, 5.10602, 7200, 0, 0, 1, 0, 0, 0, 0, 0, 0, 0, 0, NULL),
(70545, 1098, 6622, 6706, 120, 1, 0, 0, 6350.67, 4578, -209.629, 4.70675, 7200, 0, 0, 1, 0, 0, 0, 0, 0, 0, 0, 0, NULL),
(70545, 1098, 6622, 6706, 120, 1, 0, 0, 6351.45, 4595.47, -206.951, 4.70675, 7200, 0, 0, 1, 0, 0, 0, 0, 0, 0, 0, 0, NULL),
(70545, 1098, 6622, 6706, 120, 1, 0, 0, 6352.06, 4610.54, -205.26, 4.70675, 7200, 0, 0, 1, 0, 0, 0, 0, 0, 0, 0, 0, NULL),
(70545, 1098, 6622, 6706, 120, 1, 0, 0, 6352.32, 4605.72, -205.865, 4.70675, 7200, 0, 0, 1, 0, 0, 0, 0, 0, 0, 0, 0, NULL),
(70545, 1098, 6622, 6706, 120, 1, 0, 0, 6353.86, 4572.83, -209.094, 4.70675, 7200, 0, 0, 1, 0, 0, 0, 0, 0, 0, 0, 0, NULL),
(70545, 1098, 6622, 6706, 120, 1, 0, 0, 6354.69, 4565.54, -209.502, 1.0522, 7200, 0, 0, 1, 0, 0, 0, 0, 0, 0, 0, 0, NULL),
(70545, 1098, 6622, 6622, 120, 1, 0, 0, 6356.84, 4850.15, -164.161, 0.844992, 7200, 0, 0, 1, 0, 0, 0, 0, 0, 0, 0, 0, NULL),
(70545, 1098, 6622, 6706, 120, 1, 0, 0, 6357.35, 4592.77, -209.37, 4.70675, 7200, 0, 0, 1, 0, 0, 0, 0, 0, 0, 0, 0, NULL),
(70545, 1098, 6622, 6706, 120, 1, 0, 0, 6357.37, 4840.58, -163.829, 5.16592, 7200, 0, 0, 1, 0, 0, 0, 0, 0, 0, 0, 0, NULL),
(70545, 1098, 6622, 6706, 120, 1, 0, 0, 6358.16, 4583.84, -209.094, 4.70675, 7200, 0, 0, 1, 0, 0, 0, 0, 0, 0, 0, 0, NULL),
(70545, 1098, 6622, 6622, 120, 1, 0, 0, 6358.6, 4862.19, -163.627, 5.10602, 7200, 0, 0, 1, 0, 0, 0, 0, 0, 0, 0, 0, NULL),
(70545, 1098, 6622, 6706, 120, 1, 0, 0, 6359.48, 4602.27, -207.491, 6.24618, 7200, 0, 0, 1, 0, 0, 0, 0, 0, 0, 0, 0, NULL),
(70545, 1098, 6622, 6706, 120, 1, 0, 0, 6360.28, 4566.86, -209.094, 4.70675, 7200, 0, 0, 1, 0, 0, 0, 0, 0, 0, 0, 0, NULL),
(70545, 1098, 6622, 6706, 120, 1, 0, 0, 6361.02, 4607.16, -206.422, 2.2036, 7200, 0, 0, 1, 0, 0, 0, 0, 0, 0, 0, 0, NULL),
(70545, 1098, 6622, 6706, 120, 1, 0, 0, 6361.04, 4579.62, -209.977, 1.24357, 7200, 0, 0, 1, 0, 0, 0, 0, 0, 0, 0, 0, NULL),
(70545, 1098, 6622, 6622, 120, 1, 0, 0, 6366.64, 4735.86, -167.255, 5.56156, 7200, 0, 0, 1, 0, 0, 0, 0, 0, 0, 0, 0, NULL),
(70545, 1098, 6622, 6706, 120, 1, 0, 0, 6366.76, 4576.07, -209.742, 4.70675, 7200, 0, 0, 1, 0, 0, 0, 0, 0, 0, 0, 0, NULL),
(70545, 1098, 6622, 6706, 120, 1, 0, 0, 6367.25, 4569.35, -209.094, 0.957014, 7200, 0, 0, 1, 0, 0, 0, 0, 0, 0, 0, 0, NULL),
(70545, 1098, 6622, 6706, 120, 1, 0, 0, 6367.41, 4595.81, -209.275, 3.88748, 7200, 0, 0, 1, 0, 0, 0, 0, 0, 0, 0, 0, NULL),
(70545, 1098, 6622, 6622, 120, 1, 0, 0, 6367.57, 4886.56, -164.224, 0.664544, 7200, 0, 0, 1, 0, 0, 0, 0, 0, 0, 0, 0, NULL),
(70545, 1098, 6622, 6706, 120, 1, 0, 0, 6368.27, 4590.4, -209.6, 0.524738, 7200, 0, 0, 1, 0, 0, 0, 0, 0, 0, 0, 0, NULL),
(70545, 1098, 6622, 6706, 120, 1, 0, 0, 6368.54, 4748.3, -168.925, 1.08732, 7200, 0, 0, 1, 0, 0, 0, 0, 0, 0, 0, 0, NULL),
(70545, 1098, 6622, 6706, 120, 1, 0, 0, 6368.65, 4850.72, -164.241, 4.93957, 7200, 0, 0, 1, 0, 0, 0, 0, 0, 0, 0, 0, NULL),
(70545, 1098, 6622, 6622, 120, 1, 0, 0, 6370.61, 4903.09, -163.751, 0.000421845, 7200, 0, 0, 1, 0, 0, 0, 0, 0, 0, 0, 0, NULL),
(70545, 1098, 6622, 6706, 120, 1, 0, 0, 6370.72, 4840.59, -165.601, 5.10602, 7200, 0, 0, 1, 0, 0, 0, 0, 0, 0, 0, 0, NULL),
(70545, 1098, 6622, 6622, 120, 1, 0, 0, 6370.86, 4893, -164.385, 1.18023, 7200, 0, 0, 1, 0, 0, 0, 0, 0, 0, 0, 0, NULL),
(70545, 1098, 6622, 6706, 120, 1, 0, 0, 6371.99, 4587.58, -209.539, 6.06725, 7200, 0, 0, 1, 0, 0, 0, 0, 0, 0, 0, 0, NULL),
(70545, 1098, 6622, 6706, 120, 1, 0, 0, 6372.46, 4570.77, -209.792, 4.70675, 7200, 0, 0, 1, 0, 0, 0, 0, 0, 0, 0, 0, NULL),
(70545, 1098, 6622, 6706, 120, 1, 0, 0, 6372.77, 4598.7, -208.328, 4.70675, 7200, 0, 0, 1, 0, 0, 0, 0, 0, 0, 0, 0, NULL),
(70545, 1098, 6622, 6706, 120, 1, 0, 0, 6373.4, 4911.42, -162.64, 2.59694, 7200, 0, 0, 1, 0, 0, 0, 0, 0, 0, 0, 0, NULL),
(70545, 1098, 6622, 6706, 120, 1, 0, 0, 6373.51, 4742.37, -167.742, 4.31747, 7200, 0, 0, 1, 0, 0, 0, 0, 0, 0, 0, 0, NULL),
(70545, 1098, 6622, 6706, 120, 1, 0, 0, 6373.68, 4606.63, -207.609, 2.6679, 7200, 0, 0, 1, 0, 0, 0, 0, 0, 0, 0, 0, NULL),
(70545, 1098, 6622, 6706, 120, 1, 0, 0, 6375.51, 4734.79, -166.641, 2.52846, 7200, 0, 0, 1, 0, 0, 0, 0, 0, 0, 0, 0, NULL),
(70545, 1098, 6622, 6706, 120, 1, 0, 0, 6376.08, 4755.39, -169.368, 5.9827, 7200, 0, 0, 1, 0, 0, 0, 0, 0, 0, 0, 0, NULL),
(70545, 1098, 6622, 6622, 120, 1, 0, 0, 6377.4, 4882.94, -165.086, 1.09053, 7200, 0, 0, 1, 0, 0, 0, 0, 0, 0, 0, 0, NULL),
(70545, 1098, 6622, 6622, 120, 1, 0, 0, 6377.88, 4748.75, -169.635, 2.4216, 7200, 0, 0, 1, 0, 0, 0, 0, 0, 0, 0, 0, NULL),
(70545, 1098, 6622, 6706, 120, 1, 0, 0, 6379.08, 4740.53, -167.452, 1.20797, 7200, 0, 0, 1, 0, 0, 0, 0, 0, 0, 0, 0, NULL),
(70545, 1098, 6622, 6706, 120, 1, 0, 0, 6380.55, 4581.84, -209.555, 2.80555, 7200, 0, 0, 1, 0, 0, 0, 0, 0, 0, 0, 0, NULL),
(70545, 1098, 6622, 6706, 120, 1, 0, 0, 6381.99, 4590.87, -209.094, 4.70675, 7200, 0, 0, 1, 0, 0, 0, 0, 0, 0, 0, 0, NULL),
(70545, 1098, 6622, 6622, 120, 1, 0, 0, 6382.03, 4759.31, -169.862, 5.0954, 7200, 0, 0, 1, 0, 0, 0, 0, 0, 0, 0, 0, NULL),
(70545, 1098, 6622, 6706, 120, 1, 0, 0, 6382.71, 4735.77, -166.722, 4.29499, 7200, 0, 0, 1, 0, 0, 0, 0, 0, 0, 0, 0, NULL),
(70545, 1098, 6622, 6622, 120, 1, 0, 0, 6383.75, 4898.82, -163.969, 2.70396, 7200, 0, 0, 1, 0, 0, 0, 0, 0, 0, 0, 0, NULL),
(70545, 1098, 6622, 6622, 120, 1, 0, 0, 6384.61, 4744.02, -168.628, 5.00102, 7200, 0, 0, 1, 0, 0, 0, 0, 0, 0, 0, 0, NULL),
(70545, 1098, 6622, 6622, 120, 1, 0, 0, 6385.03, 4880.91, -165.484, 1.93007, 7200, 0, 0, 1, 0, 0, 0, 0, 0, 0, 0, 0, NULL),
(70545, 1098, 6622, 6706, 120, 1, 0, 0, 6386.65, 4762.31, -169.59, 4.14699, 7200, 0, 0, 1, 0, 0, 0, 0, 0, 0, 0, 0, NULL),
(70545, 1098, 6622, 6622, 120, 1, 0, 0, 6387.47, 4733.43, -167.783, 3.51249, 7200, 0, 0, 1, 0, 0, 0, 0, 0, 0, 0, 0, NULL),
(70545, 1098, 6622, 6622, 120, 1, 0, 0, 6389.25, 4910.17, -163.159, 4.30297, 7200, 0, 0, 1, 0, 0, 0, 0, 0, 0, 0, 0, NULL),
(70545, 1098, 6622, 6706, 120, 1, 0, 0, 6391.5, 4756.46, -168.917, 0.430325, 7200, 0, 0, 1, 0, 0, 0, 0, 0, 0, 0, 0, NULL),
(70545, 1098, 6622, 6706, 120, 1, 0, 0, 6391.86, 4888.13, -164.826, 1.4823, 7200, 0, 0, 1, 0, 0, 0, 0, 0, 0, 0, 0, NULL),
(70545, 1098, 6622, 6622, 120, 1, 0, 0, 6393.7, 4736.75, -170.061, 2.94855, 7200, 0, 0, 1, 0, 0, 0, 0, 0, 0, 0, 0, NULL),
(70545, 1098, 6622, 6706, 120, 1, 0, 0, 6393.87, 4743.47, -168.606, 6.19605, 7200, 0, 0, 1, 0, 0, 0, 0, 0, 0, 0, 0, NULL),
(70545, 1098, 6622, 6622, 120, 1, 0, 0, 6394.38, 4766.95, -170.788, 2.56009, 7200, 0, 0, 1, 0, 0, 0, 0, 0, 0, 0, 0, NULL),
(70545, 1098, 6622, 6706, 120, 1, 0, 0, 6398.89, 4750.28, -169.386, 5.74134, 7200, 0, 0, 1, 0, 0, 0, 0, 0, 0, 0, 0, NULL),
(70545, 1098, 6622, 6622, 120, 1, 0, 0, 6399.25, 4895.49, -164.406, 2.87858, 7200, 0, 0, 1, 0, 0, 0, 0, 0, 0, 0, 0, NULL),
(70545, 1098, 6622, 6706, 120, 1, 0, 0, 6399.51, 4764.55, -169.473, 1.61261, 7200, 0, 0, 1, 0, 0, 0, 0, 0, 0, 0, 0, NULL),
(70545, 1098, 6622, 6622, 120, 1, 0, 0, 6404.52, 4774.04, -170.837, 5.539, 7200, 0, 0, 1, 0, 0, 0, 0, 0, 0, 0, 0, NULL),
(70545, 1098, 6622, 6622, 120, 1, 0, 0, 6405.64, 4762.68, -170.522, 3.4425, 7200, 0, 0, 1, 0, 0, 0, 0, 0, 0, 0, 0, NULL),
(70545, 1098, 6622, 6706, 120, 1, 0, 0, 6407.53, 4753.48, -170.373, 2.84646, 7200, 0, 0, 1, 0, 0, 0, 0, 0, 0, 0, 0, NULL),
(70545, 1098, 6622, 6622, 120, 1, 0, 0, 6409.01, 4778.02, -171.206, 0.488434, 7200, 0, 0, 1, 0, 0, 0, 0, 0, 0, 0, 0, NULL),
(70545, 1098, 6622, 6622, 120, 1, 0, 0, 6413.26, 4767.27, -170.817, 4.51947, 7200, 0, 0, 1, 0, 0, 0, 0, 0, 0, 0, 0, NULL),
(70586, 1098, 6622, 6706, 120, 1, 0, 0, 6114.24, 4672.23, -172.13, 0.208407, 604800, 0, 0, 1, 0, 0, 0, 0, 0, 0, 0, 0, NULL),
(70153, 1098, 6622, 6706, 120, 1, 0, 0, 6148.54, 4726.19, -172.214, 1.10949, 7200, 5, 0, 1, 0, 1, 0, 0, 0, 0, 0, 0, NULL),
(70594, 1098, 6622, 6706, 120, 1, 0, 0, 6150.85, 4685.26, -172.214, 2.99204, 7200, 5, 0, 1, 0, 1, 0, 0, 0, 0, 0, 0, NULL),
(70587, 1098, 6622, 6706, 120, 1, 0, 0, 6162.32, 4919.23, -78.008, 0.806719, 7200, 0, 0, 1, 0, 0, 0, 0, 0, 0, 0, 0, NULL),
(70587, 1098, 6622, 6706, 120, 1, 0, 0, 6162.88, 4914.17, -78.9491, 0.355065, 7200, 0, 0, 1, 0, 0, 0, 0, 0, 0, 0, 0, NULL),
(70153, 1098, 6622, 6706, 120, 1, 0, 0, 6167.44, 4646.78, -172.213, 5.73624, 7200, 5, 0, 1, 0, 1, 0, 0, 0, 0, 0, 0, NULL),
(70153, 1098, 6622, 6706, 120, 1, 0, 0, 6173.24, 4884.66, -89.7934, 4.52644, 7200, 0, 0, 1, 0, 0, 0, 0, 0, 0, 0, 0, NULL),
(70587, 1098, 6622, 6706, 120, 1, 0, 0, 6184.56, 4708.58, -171.239, 3.59745, 7200, 5, 0, 1, 0, 1, 0, 0, 0, 0, 0, 0, NULL),
(70587, 1098, 6622, 6706, 120, 1, 0, 0, 6188.26, 4721.68, -170.736, 1.21874, 7200, 5, 0, 1, 0, 1, 0, 0, 0, 0, 0, 0, NULL),
(70587, 1098, 6622, 6706, 120, 1, 0, 0, 6188.65, 4697.81, -171.047, 5.82899, 7200, 5, 0, 1, 0, 1, 0, 0, 0, 0, 0, 0, NULL),
(70587, 1098, 6622, 6706, 120, 1, 0, 0, 6198.79, 4703.8, -170.982, 5.67936, 7200, 5, 0, 1, 0, 1, 0, 0, 0, 0, 0, 0, NULL),
(70587, 1098, 6622, 6706, 120, 1, 0, 0, 6203.81, 4713.89, -170.664, 2.46271, 7200, 5, 0, 1, 0, 1, 0, 0, 0, 0, 0, 0, NULL),
(70587, 1098, 6622, 6706, 120, 1, 0, 0, 6203.85, 4671.15, -170.582, 0, 7200, 5, 0, 1, 0, 1, 0, 0, 0, 0, 0, 0, NULL),
(70589, 1098, 6622, 6706, 120, 1, 0, 0, 6205.82, 4716.64, -170.664, 3.93311, 7200, 5, 0, 1, 0, 1, 0, 0, 0, 0, 0, 0, NULL),
(70587, 1098, 6622, 6706, 120, 1, 0, 0, 6206.86, 4655.64, -170.665, 4.99856, 7200, 5, 0, 1, 0, 1, 0, 0, 0, 0, 0, 0, NULL),
(70587, 1098, 6622, 6706, 120, 1, 0, 0, 6207.29, 4711.31, -170.652, 0.753818, 7200, 5, 0, 1, 0, 1, 0, 0, 0, 0, 0, 0, NULL),
(70153, 1098, 6622, 6706, 120, 1, 0, 0, 6210.78, 4754.06, -172.212, 0.461053, 7200, 5, 0, 1, 0, 1, 0, 0, 0, 0, 0, 0, NULL),
(70587, 1098, 6622, 6706, 120, 1, 0, 0, 6211.38, 4716.02, -170.65, 2.70031, 7200, 5, 0, 1, 0, 1, 0, 0, 0, 0, 0, 0, NULL),
(70587, 1098, 6622, 6706, 120, 1, 0, 0, 6214.81, 4656.95, -170.579, 0, 7200, 5, 0, 1, 0, 1, 0, 0, 0, 0, 0, 0, NULL),
(70587, 1098, 6622, 6706, 120, 1, 0, 0, 6215.22, 4672.5, -170.528, 0, 7200, 5, 0, 1, 0, 1, 0, 0, 0, 0, 0, 0, NULL),
(70589, 1098, 6622, 6706, 120, 1, 0, 0, 6216.86, 4675.11, -170.597, 5.89993, 7200, 5, 0, 1, 0, 1, 0, 0, 0, 0, 0, 0, NULL),
(70587, 1098, 6622, 6706, 120, 1, 0, 0, 6218.1, 4712.83, -170.63, 1.82149, 7200, 5, 0, 1, 0, 1, 0, 0, 0, 0, 0, 0, NULL),
(70587, 1098, 6622, 6706, 120, 1, 0, 0, 6220.56, 4667.75, -170.581, 1.8237, 7200, 5, 0, 1, 0, 1, 0, 0, 0, 0, 0, 0, NULL),
(70587, 1098, 6622, 6706, 120, 1, 0, 0, 6225.44, 4657.85, -170.497, 0, 7200, 5, 0, 1, 0, 1, 0, 0, 0, 0, 0, 0, NULL),
(70587, 1098, 6622, 6706, 120, 1, 0, 0, 6227.23, 4680.33, -170.421, 0, 7200, 5, 0, 1, 0, 1, 0, 0, 0, 0, 0, 0, NULL),
(70587, 1098, 6622, 6706, 120, 1, 0, 0, 6230.09, 4668.72, -170.478, 3.737, 7200, 5, 0, 1, 0, 1, 0, 0, 0, 0, 0, 0, NULL),
(70153, 1098, 6622, 6706, 120, 1, 0, 0, 6238.3, 4726.92, -171.373, 2.6162, 7200, 5, 0, 1, 0, 1, 0, 0, 0, 0, 0, 0, NULL),
(70594, 1098, 6622, 6706, 120, 1, 0, 0, 6258.35, 4704.38, -170.081, 3.79333, 7200, 5, 0, 1, 0, 1, 0, 0, 0, 0, 0, 0, NULL),
(70587, 1098, 6622, 6706, 120, 1, 0, 0, 6268.03, 4730.69, -170.307, 2.89168, 7200, 5, 0, 1, 0, 1, 0, 0, 0, 0, 0, 0, NULL),
(70589, 1098, 6622, 6706, 120, 1, 0, 0, 6268.41, 4718.24, -170.129, 2.77876, 7200, 0, 0, 1, 0, 0, 0, 0, 0, 0, 0, 0, NULL),
(70587, 1098, 6622, 6706, 120, 1, 0, 0, 6270.11, 4720.9, -170.172, 2.81499, 7200, 5, 0, 1, 0, 1, 0, 0, 0, 0, 0, 0, NULL),
(70587, 1098, 6622, 6706, 120, 1, 0, 0, 6278.96, 4712.35, -169.718, 0, 7200, 5, 0, 1, 0, 1, 0, 0, 0, 0, 0, 0, NULL),
(70587, 1098, 6622, 6706, 120, 1, 0, 0, 6280.45, 4726.93, -170.153, 5.31673, 7200, 5, 0, 1, 0, 1, 0, 0, 0, 0, 0, 0, NULL),
(70594, 1098, 6622, 6706, 120, 1, 0, 0, 6280.49, 4869.98, -160.308, 6.05115, 7200, 0, 0, 1, 0, 0, 0, 0, 0, 0, 0, 0, NULL),
(70589, 1098, 6622, 6706, 120, 1, 0, 0, 6284.78, 4858.42, -158.276, 2.88358, 7200, 5, 0, 1, 0, 1, 0, 0, 0, 0, 0, 0, NULL),
(70587, 1098, 6622, 6706, 120, 1, 0, 0, 6285.57, 4847, -155.829, 3.81208, 7200, 0, 0, 1, 0, 0, 0, 0, 0, 0, 0, 0, NULL),
(70587, 1098, 6622, 6706, 120, 1, 0, 0, 6285.92, 4721.2, -169.494, 2.14588, 7200, 5, 0, 1, 0, 1, 0, 0, 0, 0, 0, 0, NULL),
(70586, 1098, 6622, 6706, 120, 1, 0, 0, 6289.08, 4916.77, -161.146, 5.0826, 604800, 0, 0, 1, 0, 0, 0, 0, 0, 0, 0, 0, NULL),
(70587, 1098, 6622, 6706, 120, 1, 0, 0, 6291.44, 4838.33, -155.176, 4.37447, 7200, 0, 0, 1, 0, 0, 0, 0, 0, 0, 0, 0, NULL),
(70587, 1098, 6622, 6706, 120, 1, 0, 0, 6292.78, 4848.22, -157.328, 0, 7200, 0, 0, 1, 0, 0, 0, 0, 0, 0, 0, 0, NULL),
(70153, 1098, 6622, 6706, 120, 1, 0, 0, 6294.84, 4798.85, -172.213, 3.31382, 7200, 5, 0, 1, 0, 1, 0, 0, 0, 0, 0, 0, NULL),
(70587, 1098, 6622, 6706, 120, 1, 0, 0, 6294.99, 4844.14, -156.942, 1.38537, 7200, 0, 0, 1, 0, 0, 0, 0, 0, 0, 0, 0, NULL),
(70587, 1098, 6622, 6706, 120, 1, 0, 0, 6297.84, 4765.41, -170.615, 1.93531, 7200, 5, 0, 1, 0, 1, 0, 0, 0, 0, 0, 0, NULL),
(70153, 1098, 6622, 6706, 120, 1, 0, 0, 6298.82, 4598.48, -196.649, 4.56992, 7200, 5, 0, 1, 0, 1, 0, 0, 0, 0, 0, 0, NULL),
(70589, 1098, 6622, 6706, 120, 1, 0, 0, 6300.15, 4912.65, -161.354, 5.81031, 7200, 5, 0, 1, 0, 1, 0, 0, 0, 0, 0, 0, NULL),
(70587, 1098, 6622, 6706, 120, 1, 0, 0, 6302.12, 4782.51, -171.087, 4.36895, 7200, 0, 0, 1, 0, 0, 0, 0, 0, 0, 0, 0, NULL),
(70587, 1098, 6622, 6706, 120, 1, 0, 0, 6305.31, 4914.93, -161.397, 1.66623, 7200, 0, 0, 1, 0, 0, 0, 0, 0, 0, 0, 0, NULL),
(70594, 1098, 6622, 6706, 120, 1, 0, 0, 6308.8, 4895.1, -161.632, 0.103859, 7200, 5, 0, 1, 0, 1, 0, 0, 0, 0, 0, 0, NULL),
(70587, 1098, 6622, 6706, 120, 1, 0, 0, 6310.53, 4777.62, -170.773, 4.39189, 7200, 5, 0, 1, 0, 1, 0, 0, 0, 0, 0, 0, NULL),
(70587, 1098, 6622, 6706, 120, 1, 0, 0, 6310.67, 4918.44, -161.44, 0.350448, 7200, 5, 0, 1, 0, 1, 0, 0, 0, 0, 0, 0, NULL),
(70589, 1098, 6622, 6706, 120, 1, 0, 0, 6314.47, 4775.42, -170.669, 2.37731, 7200, 0, 0, 1, 0, 0, 0, 0, 0, 0, 0, 0, NULL),
(70587, 1098, 6622, 6706, 120, 1, 0, 0, 6315.48, 4763.65, -170.424, 5.50392, 7200, 0, 0, 1, 0, 0, 0, 0, 0, 0, 0, 0, NULL),
(70587, 1098, 6622, 6706, 120, 1, 0, 0, 6318.95, 4879.42, -161.916, 2.21866, 7200, 5, 0, 1, 0, 1, 0, 0, 0, 0, 0, 0, NULL),
(70587, 1098, 6622, 6706, 120, 1, 0, 0, 6320.12, 4909.86, -161.709, 0.783502, 7200, 5, 0, 1, 0, 1, 0, 0, 0, 0, 0, 0, NULL),
(70587, 1098, 6622, 6706, 120, 1, 0, 0, 6322.91, 4916.69, -161.698, 1.5167, 7200, 5, 0, 1, 0, 1, 0, 0, 0, 0, 0, 0, NULL),
(70587, 1098, 6622, 6706, 120, 1, 0, 0, 6323.26, 4920.97, -161.644, 3.44728, 7200, 5, 0, 1, 0, 1, 0, 0, 0, 0, 0, 0, NULL),
(70587, 1098, 6622, 6706, 120, 1, 0, 0, 6324.21, 4884.54, -161.92, 0, 7200, 5, 0, 1, 0, 1, 0, 0, 0, 0, 0, 0, NULL),
(70589, 1098, 6622, 6706, 120, 1, 0, 0, 6325.49, 4878.95, -162.068, 4.96279, 7200, 5, 0, 1, 0, 1, 0, 0, 0, 0, 0, 0, NULL),
(70587, 1098, 6622, 6706, 120, 1, 0, 0, 6326.97, 4585, -200.48, 0, 7200, 5, 0, 1, 0, 1, 0, 0, 0, 0, 0, 0, NULL),
(70587, 1098, 6622, 6706, 120, 1, 0, 0, 6331.45, 4872.19, -162.237, 1.43741, 7200, 0, 0, 1, 0, 0, 0, 0, 0, 0, 0, 0, NULL),
(70587, 1098, 6622, 6706, 120, 1, 0, 0, 6331.68, 4878.36, -162.196, 4.73586, 7200, 5, 0, 1, 0, 1, 0, 0, 0, 0, 0, 0, NULL),
(70587, 1098, 6622, 6706, 120, 1, 0, 0, 6333.09, 4921.72, -161.813, 0, 7200, 5, 0, 1, 0, 1, 0, 0, 0, 0, 0, 0, NULL),
(70587, 1098, 6622, 6706, 120, 1, 0, 0, 6334.96, 4575.94, -204.78, 0, 7200, 0, 0, 1, 0, 0, 0, 0, 0, 0, 0, 0, NULL),
(70587, 1098, 6622, 6706, 120, 1, 0, 0, 6335.29, 4604.46, -200.414, 2.44267, 7200, 5, 0, 1, 0, 1, 0, 0, 0, 0, 0, 0, NULL),
(70594, 1098, 6622, 6706, 120, 1, 0, 0, 6335.46, 4857.06, -162.154, 0.980227, 7200, 5, 0, 1, 0, 1, 0, 0, 0, 0, 0, 0, NULL),
(70587, 1098, 6622, 6706, 120, 1, 0, 0, 6336.1, 4590.46, -203.185, 0, 7200, 5, 0, 1, 0, 1, 0, 0, 0, 0, 0, 0, NULL),
(70587, 1098, 6622, 6706, 120, 1, 0, 0, 6337.15, 4925.82, -161.949, 5.76721, 7200, 5, 0, 1, 0, 1, 0, 0, 0, 0, 0, 0, NULL),
(70594, 1098, 6622, 6706, 120, 1, 0, 0, 6339.61, 4770.56, -170.765, 2.45709, 7200, 5, 0, 1, 0, 1, 0, 0, 0, 0, 0, 0, NULL),
(70587, 1098, 6622, 6706, 120, 1, 0, 0, 6346.16, 4845.15, -162.722, 1.53637, 7200, 5, 0, 1, 0, 1, 0, 0, 0, 0, 0, 0, NULL),
(70587, 1098, 6622, 6706, 120, 1, 0, 0, 6346.62, 4601.04, -204.827, 2.35795, 7200, 5, 0, 1, 0, 1, 0, 0, 0, 0, 0, 0, NULL),
(70589, 1098, 6622, 6706, 120, 1, 0, 0, 6349.52, 4848.15, -162.958, 4.15311, 7200, 0, 0, 1, 0, 0, 0, 0, 0, 0, 0, 0, NULL),
(70587, 1098, 6622, 6706, 120, 1, 0, 0, 6349.56, 4566.69, -209.177, 2.60605, 7200, 0, 0, 1, 0, 0, 0, 0, 0, 0, 0, 0, NULL),
(70589, 1098, 6622, 6706, 120, 1, 0, 0, 6349.72, 4612.58, -204.543, 3.56309, 7200, 5, 0, 1, 0, 1, 0, 0, 0, 0, 0, 0, NULL),
(70587, 1098, 6622, 6706, 120, 1, 0, 0, 6349.88, 4587.38, -207.818, 0, 7200, 0, 0, 1, 0, 0, 0, 0, 0, 0, 0, 0, NULL),
(70587, 1098, 6622, 6706, 120, 1, 0, 0, 6354.5, 4599.76, -207.006, 0, 7200, 0, 0, 1, 0, 0, 0, 0, 0, 0, 0, 0, NULL),
(70587, 1098, 6622, 6706, 120, 1, 0, 0, 6354.6, 4857.14, -163.124, 3.05989, 7200, 5, 0, 1, 0, 1, 0, 0, 0, 0, 0, 0, NULL),
(70587, 1098, 6622, 6706, 120, 1, 0, 0, 6357.22, 4846.42, -163.642, 5.13638, 7200, 0, 0, 1, 0, 0, 0, 0, 0, 0, 0, 0, NULL),
(70587, 1098, 6622, 6706, 120, 1, 0, 0, 6360.52, 4596.46, -208.844, 0, 7200, 0, 0, 1, 0, 0, 0, 0, 0, 0, 0, 0, NULL),
(70587, 1098, 6622, 6706, 120, 1, 0, 0, 6361.49, 4858.1, -163.595, 2.31536, 7200, 0, 0, 1, 0, 0, 0, 0, 0, 0, 0, 0, NULL),
(70587, 1098, 6622, 6706, 120, 1, 0, 0, 6363.61, 4572.48, -209.177, 6.1195, 7200, 0, 0, 1, 0, 0, 0, 0, 0, 0, 0, 0, NULL),
(70587, 1098, 6622, 6706, 120, 1, 0, 0, 6363.75, 4587.27, -209.094, 0, 7200, 0, 0, 1, 0, 0, 0, 0, 0, 0, 0, 0, NULL),
(70587, 1098, 6622, 6706, 120, 1, 0, 0, 6364.35, 4844.86, -164.226, 1.55642, 7200, 0, 0, 1, 0, 0, 0, 0, 0, 0, 0, 0, NULL),
(70153, 1098, 6622, 6706, 120, 1, 0, 0, 6365.06, 4659.48, -204.879, 6.01754, 7200, 5, 0, 1, 0, 1, 0, 0, 0, 0, 0, 0, NULL),
(70587, 1098, 6622, 6706, 120, 1, 0, 0, 6365.89, 4605.37, -207.431, 0, 7200, 0, 0, 1, 0, 0, 0, 0, 0, 0, 0, 0, NULL),
(70587, 1098, 6622, 6706, 120, 1, 0, 0, 6371.28, 4581.34, -209.177, 2.26923, 7200, 0, 0, 1, 0, 0, 0, 0, 0, 0, 0, 0, NULL),
(70587, 1098, 6622, 6706, 120, 1, 0, 0, 6373.47, 4740.91, -167.57, 2.00735, 7200, 5, 0, 1, 0, 1, 0, 0, 0, 0, 0, 0, NULL),
(70587, 1098, 6622, 6706, 120, 1, 0, 0, 6375.22, 4590.45, -209.094, 0, 7200, 0, 0, 1, 0, 0, 0, 0, 0, 0, 0, 0, NULL),
(70587, 1098, 6622, 6706, 120, 1, 0, 0, 6380.79, 4738.57, -167.158, 2.90494, 7200, 5, 0, 1, 0, 1, 0, 0, 0, 0, 0, 0, NULL),
(70153, 1098, 6622, 6706, 120, 1, 0, 0, 6381.13, 4895.27, -164.022, 0.696843, 7200, 5, 0, 1, 0, 1, 0, 0, 0, 0, 0, 0, NULL),
(70587, 1098, 6622, 6706, 120, 1, 0, 0, 6383.97, 4759.98, -169.484, 1.94818, 7200, 5, 0, 1, 0, 1, 0, 0, 0, 0, 0, 0, NULL),
(70587, 1098, 6622, 6706, 120, 1, 0, 0, 6384.95, 4753.17, -168.857, 0.309955, 7200, 5, 0, 1, 0, 1, 0, 0, 0, 0, 0, 0, NULL),
(70587, 1098, 6622, 6706, 120, 1, 0, 0, 6389.29, 4739.96, -167.654, 2.01339, 7200, 5, 0, 1, 0, 1, 0, 0, 0, 0, 0, 0, NULL),
(70587, 1098, 6622, 6706, 120, 1, 0, 0, 6389.94, 4756.92, -169.146, 2.62325, 7200, 5, 0, 1, 0, 1, 0, 0, 0, 0, 0, 0, NULL),
(70587, 1098, 6622, 6706, 120, 1, 0, 0, 6391.9, 4762.65, -169.638, 0.562351, 7200, 5, 0, 1, 0, 1, 0, 0, 0, 0, 0, 0, NULL),
(70589, 1098, 6622, 6706, 120, 1, 0, 0, 6393.85, 4748.07, -168.637, 4.08129, 7200, 5, 0, 1, 0, 1, 0, 0, 0, 0, 0, 0, NULL),
(70587, 1098, 6622, 6706, 120, 1, 0, 0, 6402.03, 4759.35, -169.732, 1.64493, 7200, 0, 0, 1, 0, 0, 0, 0, 0, 0, 0, 0, NULL),
(70587, 1098, 6622, 6706, 120, 1, 0, 0, 6403.43, 4772.87, -170.221, 4.46905, 7200, 5, 0, 1, 0, 1, 0, 0, 0, 0, 0, 0, NULL),
(70153, 1098, 6622, 6706, 120, 1, 0, 0, 6407.84, 4831.94, -172.102, 0.835624, 7200, 5, 0, 1, 0, 1, 0, 0, 0, 0, 0, 0, NULL),
(70587, 1098, 6622, 6706, 120, 1, 0, 0, 6408.31, 4761.43, -169.602, 3.54927, 7200, 0, 0, 1, 0, 0, 0, 0, 0, 0, 0, 0, NULL),
(70587, 1098, 6622, 6706, 120, 1, 0, 0, 6413.53, 4774.15, -170.85, 0.157379, 7200, 0, 0, 1, 0, 0, 0, 0, 0, 0, 0, 0, NULL),
(70153, 1098, 6622, 6706, 120, 1, 0, 0, 6447.5, 4742.94, -172.213, 2.60263, 7200, 0, 0, 1, 0, 0, 0, 0, 0, 0, 0, 0, NULL),
(70594, 1098, 6622, 6706, 120, 1, 0, 0, 6455.93, 4756.06, -172.213, 3.56386, 7200, 0, 0, 1, 0, 0, 0, 0, 0, 0, 0, 0, NULL),
(70594, 1098, 6622, 6706, 120, 1, 0, 0, 6470.91, 4715.35, -172.213, 6.22795, 7200, 0, 0, 1, 0, 0, 0, 0, 0, 0, 0, 0, NULL),
(70586, 1098, 6622, 6706, 120, 1, 0, 0, 6488.63, 4739.99, -172.274, 3.15051, 604800, 0, 0, 1, 0, 0, 0, 0, 0, 0, 0, 0, NULL);

REPLACE INTO `creature_template` (`entry`, `difficulty_entry_1`, `difficulty_entry_2`, `difficulty_entry_3`, `difficulty_entry_4`, `difficulty_entry_5`, `difficulty_entry_6`, `difficulty_entry_7`, `difficulty_entry_8`, `difficulty_entry_9`, `difficulty_entry_10`, `difficulty_entry_11`, `difficulty_entry_12`, `difficulty_entry_13`, `difficulty_entry_14`, `difficulty_entry_15`, `KillCredit1`, `KillCredit2`, `modelid1`, `modelid2`, `modelid3`, `modelid4`, `name`, `subname`, `IconName`, `gossip_menu_id`, `minlevel`, `maxlevel`, `exp`, `exp_unk`, `faction_A`, `faction_H`, `npcflag`, `npcflag2`, `speed_walk`, `speed_run`, `speed_fly`, `scale`, `rank`, `mindmg`, `maxdmg`, `dmgschool`, `attackpower`, `dmg_multiplier`, `baseattacktime`, `rangeattacktime`, `unit_class`, `unit_flags`, `unit_flags2`, `dynamicflags`, `family`, `trainer_type`, `trainer_spell`, `trainer_class`, `trainer_race`, `minrangedmg`, `maxrangedmg`, `rangedattackpower`, `type`, `type_flags`, `type_flags2`, `lootid`, `pickpocketloot`, `skinloot`, `resistance1`, `resistance2`, `resistance3`, `resistance4`, `resistance5`, `resistance6`, `spell1`, `spell2`, `spell3`, `spell4`, `spell5`, `spell6`, `spell7`, `spell8`, `PetSpellDataId`, `VehicleId`, `mingold`, `maxgold`, `AIName`, `MovementType`, `InhabitType`, `HoverHeight`, `Health_mod`, `Mana_mod`, `Mana_mod_extra`, `Armor_mod`, `RacialLeader`, `questItem1`, `questItem2`, `questItem3`, `questItem4`, `questItem5`, `questItem6`, `movementId`, `RegenHealth`, `equipment_id`, `mechanic_immune_mask`, `flags_extra`, `ScriptName`, `WDBVerified`) VALUES 
(70153, 0, 0, 0, 701534, 701535, 701536, 0, 0, 0, 0, 0, 0, 0, 0, 0, 0, 0, 28133, 0, 0, 0, 'Fungal Growth', '', '', 0, 92, 92, 4, 0, 14, 14, 0, 0, 1, 1.14286, 1.14286, 1, 1, 43563, 69309, 0, 45299, 3, 2000, 2000, 1, 0, 0, 0, 0, 0, 0, 0, 0, 0, 0, 0, 4, 2097224, 0, 0, 0, 0, 0, 0, 0, 0, 0, 0, 0, 0, 0, 0, 0, 0, 0, 0, 0, 0, 0, 0, '', 0, 3, 1, 35, 1, 1, 1, 0, 0, 0, 0, 0, 0, 0, 170, 1, 0, 0, 0, '', 17614),
(701534, 0, 0, 0, 0, 0, 0, 0, 0, 0, 0, 0, 0, 0, 0, 0, 0, 0, 28133, 0, 0, 0, 'Fungal Growth', '', '', 0, 92, 92, 4, 0, 14, 14, 0, 0, 1, 1.14286, 1.14286, 1, 1, 43563, 69309, 0, 45299, 3, 2000, 2000, 1, 0, 0, 0, 0, 0, 0, 0, 0, 0, 0, 0, 4, 2097224, 0, 0, 0, 0, 0, 0, 0, 0, 0, 0, 0, 0, 0, 0, 0, 0, 0, 0, 0, 0, 0, 0, '', 0, 3, 1, 52.5, 1, 1, 1, 0, 0, 0, 0, 0, 0, 0, 170, 1, 0, 0, 0, '', 17614),
(701535, 0, 0, 0, 0, 0, 0, 0, 0, 0, 0, 0, 0, 0, 0, 0, 0, 0, 28133, 0, 0, 0, 'Fungal Growth', '', '', 0, 92, 92, 4, 0, 14, 14, 0, 0, 1, 1.14286, 1.14286, 1, 1, 43563, 69309, 0, 45299, 4, 2000, 2000, 1, 0, 0, 0, 0, 0, 0, 0, 0, 0, 0, 0, 4, 2097224, 0, 0, 0, 0, 0, 0, 0, 0, 0, 0, 0, 0, 0, 0, 0, 0, 0, 0, 0, 0, 0, 0, '', 0, 3, 1, 35, 1, 1, 1, 0, 0, 0, 0, 0, 0, 0, 170, 1, 0, 0, 0, '', 17614),
(701536, 0, 0, 0, 0, 0, 0, 0, 0, 0, 0, 0, 0, 0, 0, 0, 0, 0, 28133, 0, 0, 0, 'Fungal Growth', '', '', 0, 92, 92, 4, 0, 14, 14, 0, 0, 1, 1.14286, 1.14286, 1, 1, 43563, 69309, 0, 45299, 4, 2000, 2000, 1, 0, 0, 0, 0, 0, 0, 0, 0, 0, 0, 0, 4, 2097224, 0, 0, 0, 0, 0, 0, 0, 0, 0, 0, 0, 0, 0, 0, 0, 0, 0, 0, 0, 0, 0, 0, '', 0, 3, 1, 52.5, 1, 1, 1, 0, 0, 0, 0, 0, 0, 0, 170, 1, 0, 0, 0, '', 17614),

(70545, 0, 0, 0, 0, 0, 0, 0, 0, 0, 0, 0, 0, 0, 0, 0, 0, 0, 48183, 48184, 48185, 0, 'Mysterious Mushroom', '', '', 0, 92, 92, 4, 0, 35, 35, 0, 0, 1, 1.14286, 1.14286, 1, 1, 43563, 69309, 0, 45299, 1, 2000, 2000, 1, 0, 0, 0, 0, 0, 0, 0, 0, 0, 0, 0, 10, 1076887624, 0, 0, 0, 0, 0, 0, 0, 0, 0, 0, 0, 0, 0, 0, 0, 0, 0, 0, 0, 0, 0, 0, '', 0, 3, 1, 1, 1, 1, 1, 0, 0, 0, 0, 0, 0, 0, 174, 1, 0, 0, 0, '', 17614),

(70586, 0, 0, 0, 705864, 705865, 705866, 0, 0, 0, 0, 0, 0, 0, 0, 0, 0, 0, 45735, 45736, 45737, 45738, 'Eternal Guardian', '', '', 0, 92, 92, 4, 0, 14, 14, 0, 0, 1, 1.14286, 1.14286, 1, 1, 43563, 69309, 0, 45299, 3, 2000, 2000, 1, 0, 0, 0, 0, 0, 0, 0, 0, 0, 0, 0, 6, 2097224, 0, 0, 0, 0, 0, 0, 0, 0, 0, 0, 0, 0, 0, 0, 0, 0, 0, 0, 0, 0, 0, 0, '', 0, 3, 1, 42, 1, 1, 1, 0, 0, 0, 0, 0, 0, 0, 174, 1, 0, 0, 0, '', 17614),
(705864, 0, 0, 0, 0, 0, 0, 0, 0, 0, 0, 0, 0, 0, 0, 0, 0, 0, 45735, 45736, 45737, 45738, 'Eternal Guardian', '', '', 0, 92, 92, 4, 0, 14, 14, 0, 0, 1, 1.14286, 1.14286, 1, 1, 43563, 69309, 0, 45299, 3, 2000, 2000, 1, 0, 0, 0, 0, 0, 0, 0, 0, 0, 0, 0, 6, 2097224, 0, 0, 0, 0, 0, 0, 0, 0, 0, 0, 0, 0, 0, 0, 0, 0, 0, 0, 0, 0, 0, 0, '', 0, 3, 1, 63, 1, 1, 1, 0, 0, 0, 0, 0, 0, 0, 174, 1, 0, 0, 0, '', 17614),
(705865, 0, 0, 0, 0, 0, 0, 0, 0, 0, 0, 0, 0, 0, 0, 0, 0, 0, 45735, 45736, 45737, 45738, 'Eternal Guardian', '', '', 0, 92, 92, 4, 0, 14, 14, 0, 0, 1, 1.14286, 1.14286, 1, 1, 43563, 69309, 0, 45299, 4, 2000, 2000, 1, 0, 0, 0, 0, 0, 0, 0, 0, 0, 0, 0, 6, 2097224, 0, 0, 0, 0, 0, 0, 0, 0, 0, 0, 0, 0, 0, 0, 0, 0, 0, 0, 0, 0, 0, 0, '', 0, 3, 1, 42, 1, 1, 1, 0, 0, 0, 0, 0, 0, 0, 174, 1, 0, 0, 0, '', 17614),
(705866, 0, 0, 0, 0, 0, 0, 0, 0, 0, 0, 0, 0, 0, 0, 0, 0, 0, 45735, 45736, 45737, 45738, 'Eternal Guardian', '', '', 0, 92, 92, 4, 0, 14, 14, 0, 0, 1, 1.14286, 1.14286, 1, 1, 43563, 69309, 0, 45299, 4, 2000, 2000, 1, 0, 0, 0, 0, 0, 0, 0, 0, 0, 0, 0, 6, 2097224, 0, 0, 0, 0, 0, 0, 0, 0, 0, 0, 0, 0, 0, 0, 0, 0, 0, 0, 0, 0, 0, 0, '', 0, 3, 1, 63, 1, 1, 1, 0, 0, 0, 0, 0, 0, 0, 174, 1, 0, 0, 0, '', 17614),

(70587, 0, 0, 0, 705874, 705875, 705876, 0, 0, 0, 0, 0, 0, 0, 0, 0, 0, 0, 48160, 0, 0, 0, 'Shale Stalker', '', '', 0, 92, 92, 4, 0, 14, 14, 0, 0, 1, 1.14286, 1.14286, 1, 1, 43563, 69309, 0, 45299, 2, 2000, 2000, 1, 0, 0, 0, 0, 0, 0, 0, 0, 0, 0, 0, 1, 2097224, 0, 0, 0, 0, 0, 0, 0, 0, 0, 0, 0, 0, 0, 0, 0, 0, 0, 0, 0, 0, 0, 0, '', 0, 3, 1, 8, 1, 1, 1, 0, 0, 0, 0, 0, 0, 0, 174, 1, 0, 0, 0, '', 17614),
(705874, 0, 0, 0, 0, 0, 0, 0, 0, 0, 0, 0, 0, 0, 0, 0, 0, 0, 48160, 0, 0, 0, 'Shale Stalker', '', '', 0, 92, 92, 4, 0, 14, 14, 0, 0, 1, 1.14286, 1.14286, 1, 1, 43563, 69309, 0, 45299, 2, 2000, 2000, 1, 0, 0, 0, 0, 0, 0, 0, 0, 0, 0, 0, 1, 2097224, 0, 0, 0, 0, 0, 0, 0, 0, 0, 0, 0, 0, 0, 0, 0, 0, 0, 0, 0, 0, 0, 0, '', 0, 3, 1, 12, 1, 1, 1, 0, 0, 0, 0, 0, 0, 0, 174, 1, 0, 0, 0, '', 17614),
(705875, 0, 0, 0, 0, 0, 0, 0, 0, 0, 0, 0, 0, 0, 0, 0, 0, 0, 48160, 0, 0, 0, 'Shale Stalker', '', '', 0, 92, 92, 4, 0, 14, 14, 0, 0, 1, 1.14286, 1.14286, 1, 1, 43563, 69309, 0, 45299, 2, 2000, 2000, 1, 0, 0, 0, 0, 0, 0, 0, 0, 0, 0, 0, 1, 2097224, 0, 0, 0, 0, 0, 0, 0, 0, 0, 0, 0, 0, 0, 0, 0, 0, 0, 0, 0, 0, 0, 0, '', 0, 3, 1, 8, 1, 1, 1, 0, 0, 0, 0, 0, 0, 0, 174, 1, 0, 0, 0, '', 17614),
(705876, 0, 0, 0, 0, 0, 0, 0, 0, 0, 0, 0, 0, 0, 0, 0, 0, 0, 48160, 0, 0, 0, 'Shale Stalker', '', '', 0, 92, 92, 4, 0, 14, 14, 0, 0, 1, 1.14286, 1.14286, 1, 1, 43563, 69309, 0, 45299, 2, 2000, 2000, 1, 0, 0, 0, 0, 0, 0, 0, 0, 0, 0, 0, 1, 2097224, 0, 0, 0, 0, 0, 0, 0, 0, 0, 0, 0, 0, 0, 0, 0, 0, 0, 0, 0, 0, 0, 0, '', 0, 3, 1, 12, 1, 1, 1, 0, 0, 0, 0, 0, 0, 0, 174, 1, 0, 0, 0, '', 17614),

(70589, 0, 0, 0, 705894, 705895, 705896, 0, 0, 0, 0, 0, 0, 0, 0, 0, 0, 0, 48177, 0, 0, 0, 'Cavern Burrower', '', '', 0, 92, 92, 4, 0, 14, 14, 0, 0, 1, 1.14286, 1.14286, 1, 1, 43563, 69309, 0, 45299, 3, 2000, 2000, 1, 0, 0, 0, 0, 0, 0, 0, 0, 0, 0, 0, 4, 2097224, 0, 0, 0, 0, 0, 0, 0, 0, 0, 0, 0, 0, 0, 0, 0, 0, 0, 0, 0, 0, 0, 0, '', 0, 3, 1, 35, 1, 1, 1, 0, 0, 0, 0, 0, 0, 0, 0, 1, 0, 0, 0, '', 17614),
(705894, 0, 0, 0, 0, 0, 0, 0, 0, 0, 0, 0, 0, 0, 0, 0, 0, 0, 48177, 0, 0, 0, 'Cavern Burrower', '', '', 0, 92, 92, 4, 0, 14, 14, 0, 0, 1, 1.14286, 1.14286, 1, 1, 43563, 69309, 0, 45299, 3, 2000, 2000, 1, 0, 0, 0, 0, 0, 0, 0, 0, 0, 0, 0, 4, 2097224, 0, 0, 0, 0, 0, 0, 0, 0, 0, 0, 0, 0, 0, 0, 0, 0, 0, 0, 0, 0, 0, 0, '', 0, 3, 1, 52.5, 1, 1, 1, 0, 0, 0, 0, 0, 0, 0, 0, 1, 0, 0, 0, '', 17614),
(705895, 0, 0, 0, 0, 0, 0, 0, 0, 0, 0, 0, 0, 0, 0, 0, 0, 0, 48177, 0, 0, 0, 'Cavern Burrower', '', '', 0, 92, 92, 4, 0, 14, 14, 0, 0, 1, 1.14286, 1.14286, 1, 1, 43563, 69309, 0, 45299, 4, 2000, 2000, 1, 0, 0, 0, 0, 0, 0, 0, 0, 0, 0, 0, 4, 2097224, 0, 0, 0, 0, 0, 0, 0, 0, 0, 0, 0, 0, 0, 0, 0, 0, 0, 0, 0, 0, 0, 0, '', 0, 3, 1, 35, 1, 1, 1, 0, 0, 0, 0, 0, 0, 0, 0, 1, 0, 0, 0, '', 17614),
(705896, 0, 0, 0, 0, 0, 0, 0, 0, 0, 0, 0, 0, 0, 0, 0, 0, 0, 48177, 0, 0, 0, 'Cavern Burrower', '', '', 0, 92, 92, 4, 0, 14, 14, 0, 0, 1, 1.14286, 1.14286, 1, 1, 43563, 69309, 0, 45299, 4, 2000, 2000, 1, 0, 0, 0, 0, 0, 0, 0, 0, 0, 0, 0, 4, 2097224, 0, 0, 0, 0, 0, 0, 0, 0, 0, 0, 0, 0, 0, 0, 0, 0, 0, 0, 0, 0, 0, 0, '', 0, 3, 1, 52.5, 1, 1, 1, 0, 0, 0, 0, 0, 0, 0, 0, 1, 0, 0, 0, '', 17614),

(70594, 0, 0, 0, 705944, 705945, 705946, 0, 0, 0, 0, 0, 0, 0, 0, 0, 0, 0, 44690, 0, 0, 0, 'Mist Lurker', '', '', 0, 92, 92, 4, 0, 14, 14, 0, 0, 1, 1.14286, 1.14286, 1, 1, 43563, 69309, 0, 45299, 3, 2000, 2000, 1, 0, 0, 0, 0, 0, 0, 0, 0, 0, 0, 0, 4, 2097224, 0, 0, 0, 0, 0, 0, 0, 0, 0, 0, 0, 0, 0, 0, 0, 0, 0, 0, 0, 0, 0, 0, '', 0, 3, 1, 35, 1, 1, 1, 0, 0, 0, 0, 0, 0, 0, 167, 1, 0, 0, 0, '', 17614),
(705944, 0, 0, 0, 0, 0, 0, 0, 0, 0, 0, 0, 0, 0, 0, 0, 0, 0, 44690, 0, 0, 0, 'Mist Lurker', '', '', 0, 92, 92, 4, 0, 14, 14, 0, 0, 1, 1.14286, 1.14286, 1, 1, 43563, 69309, 0, 45299, 3, 2000, 2000, 1, 0, 0, 0, 0, 0, 0, 0, 0, 0, 0, 0, 4, 2097224, 0, 0, 0, 0, 0, 0, 0, 0, 0, 0, 0, 0, 0, 0, 0, 0, 0, 0, 0, 0, 0, 0, '', 0, 3, 1, 52.5, 1, 1, 1, 0, 0, 0, 0, 0, 0, 0, 167, 1, 0, 0, 0, '', 17614),
(705945, 0, 0, 0, 0, 0, 0, 0, 0, 0, 0, 0, 0, 0, 0, 0, 0, 0, 44690, 0, 0, 0, 'Mist Lurker', '', '', 0, 92, 92, 4, 0, 14, 14, 0, 0, 1, 1.14286, 1.14286, 1, 1, 43563, 69309, 0, 45299, 4, 2000, 2000, 1, 0, 0, 0, 0, 0, 0, 0, 0, 0, 0, 0, 4, 2097224, 0, 0, 0, 0, 0, 0, 0, 0, 0, 0, 0, 0, 0, 0, 0, 0, 0, 0, 0, 0, 0, 0, '', 0, 3, 1, 35, 1, 1, 1, 0, 0, 0, 0, 0, 0, 0, 167, 1, 0, 0, 0, '', 17614),
(705946, 0, 0, 0, 0, 0, 0, 0, 0, 0, 0, 0, 0, 0, 0, 0, 0, 0, 44690, 0, 0, 0, 'Mist Lurker', '', '', 0, 92, 92, 4, 0, 14, 14, 0, 0, 1, 1.14286, 1.14286, 1, 1, 43563, 69309, 0, 45299, 4, 2000, 2000, 1, 0, 0, 0, 0, 0, 0, 0, 0, 0, 0, 0, 4, 2097224, 0, 0, 0, 0, 0, 0, 0, 0, 0, 0, 0, 0, 0, 0, 0, 0, 0, 0, 0, 0, 0, 0, '', 0, 3, 1, 52.5, 1, 1, 1, 0, 0, 0, 0, 0, 0, 0, 167, 1, 0, 0, 0, '', 17614);


UPDATE `creature_template` SET `ScriptName`='npc_throne_of_thunder_shale_stalker' WHERE `entry`=70587;
UPDATE `creature_template` SET `ScriptName`='npc_throne_of_thunder_fungal_growth' WHERE `entry`=70153;
UPDATE `creature_template` SET `ScriptName`='npc_throne_of_thunder_mist_lurker' WHERE `entry`=70594;
UPDATE `creature_template` SET `ScriptName`='npc_throne_of_thunder_eternal_guardian' WHERE `entry`=70586;
UPDATE `creature_template` SET `ScriptName`='npc_throne_of_thunder_cavern_burrower' WHERE `entry`=70589;

DELETE FROM `spell_script_names` WHERE `spell_id` IN
(140600);
INSERT INTO `spell_script_names` (`spell_id`, `ScriptName`) VALUES
(140600, 'spell_throne_of_thunder_sonic_call');

DELETE FROM `conditions` WHERE `SourceEntry` IN 
(140631, 140600);
INSERT INTO `conditions` (`SourceTypeOrReferenceId`, `SourceGroup`, `SourceEntry`, `ElseGroup`, `ConditionTypeOrReference`, `ConditionTarget`, `ConditionValue1`, `ConditionValue2`, `Comment`) VALUES
('13', '1', '140631', '0', '31', '0',  '3', '70586', 'Eternal Guardian - Siphon Life'),
('13', '1', '140600', '0', '31', '0',  '3', '70587', 'Cavern Burrower - Sonic Call');







