
-- Trash

REPLACE INTO `creature_template` (`entry`, `difficulty_entry_1`, `difficulty_entry_2`, `difficulty_entry_3`, `difficulty_entry_4`, `difficulty_entry_5`, `difficulty_entry_6`, `difficulty_entry_7`, `difficulty_entry_8`, `difficulty_entry_9`, `difficulty_entry_10`, `difficulty_entry_11`, `difficulty_entry_12`, `difficulty_entry_13`, `difficulty_entry_14`, `difficulty_entry_15`, `KillCredit1`, `KillCredit2`, `modelid1`, `modelid2`, `modelid3`, `modelid4`, `name`, `subname`, `IconName`, `gossip_menu_id`, `minlevel`, `maxlevel`, `exp`, `exp_unk`, `faction_A`, `faction_H`, `npcflag`, `npcflag2`, `speed_walk`, `speed_run`, `speed_fly`, `scale`, `rank`, `mindmg`, `maxdmg`, `dmgschool`, `attackpower`, `dmg_multiplier`, `baseattacktime`, `rangeattacktime`, `unit_class`, `unit_flags`, `unit_flags2`, `dynamicflags`, `family`, `trainer_type`, `trainer_spell`, `trainer_class`, `trainer_race`, `minrangedmg`, `maxrangedmg`, `rangedattackpower`, `type`, `type_flags`, `type_flags2`, `lootid`, `pickpocketloot`, `skinloot`, `resistance1`, `resistance2`, `resistance3`, `resistance4`, `resistance5`, `resistance6`, `spell1`, `spell2`, `spell3`, `spell4`, `spell5`, `spell6`, `spell7`, `spell8`, `PetSpellDataId`, `VehicleId`, `mingold`, `maxgold`, `AIName`, `MovementType`, `InhabitType`, `HoverHeight`, `Health_mod`, `Mana_mod`, `Mana_mod_extra`, `Armor_mod`, `RacialLeader`, `questItem1`, `questItem2`, `questItem3`, `questItem4`, `questItem5`, `questItem6`, `movementId`, `RegenHealth`, `equipment_id`, `mechanic_immune_mask`, `flags_extra`, `ScriptName`, `WDBVerified`) VALUES 
(72661, 0, 0, 0, 726614, 726615, 726616, 0, 0, 0, 0, 0, 0, 0, 0, 0, 0, 0, 50901, 0, 0, 0, 'Zeal', '', '', 0, 92, 92, 4, 0, 14, 14, 0, 0, 1, 1.14286, 1.14286, 1, 1, 58839, 73339, 0, 45299, 5, 2000, 2000, 1, 0, 0, 0, 0, 0, 0, 0, 0, 0, 0, 0, 4, 2097224, 0, 0, 0, 0, 0, 0, 0, 0, 0, 0, 0, 0, 0, 0, 0, 0, 0, 0, 0, 0, 0, 0, '', 0, 3, 1, 125, 1, 1, 1, 0, 0, 0, 0, 0, 0, 0, 144, 1, 0, 0, 0, '', 17614),
(726614, 0, 0, 0, 0, 0, 0, 0, 0, 0, 0, 0, 0, 0, 0, 0, 0, 0, 50901, 0, 0, 0, 'Zeal', '', '', 0, 92, 92, 4, 0, 14, 14, 0, 0, 1, 1.14286, 1.14286, 1, 1, 58839, 73339, 0, 45299, 5, 2000, 2000, 1, 0, 0, 0, 0, 0, 0, 0, 0, 0, 0, 0, 4, 2097224, 0, 0, 0, 0, 0, 0, 0, 0, 0, 0, 0, 0, 0, 0, 0, 0, 0, 0, 0, 0, 0, 0, '', 0, 3, 1, 375, 1, 1, 1, 0, 0, 0, 0, 0, 0, 0, 144, 1, 0, 0, 0, '', 17614),
(726615, 0, 0, 0, 0, 0, 0, 0, 0, 0, 0, 0, 0, 0, 0, 0, 0, 0, 50901, 0, 0, 0, 'Zeal', '', '', 0, 92, 92, 4, 0, 14, 14, 0, 0, 1, 1.14286, 1.14286, 1, 1, 58839, 73339, 0, 45299, 6, 2000, 2000, 1, 0, 0, 0, 0, 0, 0, 0, 0, 0, 0, 0, 4, 2097224, 0, 0, 0, 0, 0, 0, 0, 0, 0, 0, 0, 0, 0, 0, 0, 0, 0, 0, 0, 0, 0, 0, '', 0, 3, 1, 125, 1, 1, 1, 0, 0, 0, 0, 0, 0, 0, 144, 1, 0, 0, 0, '', 17614),
(726616, 0, 0, 0, 0, 0, 0, 0, 0, 0, 0, 0, 0, 0, 0, 0, 0, 0, 50901, 0, 0, 0, 'Zeal', '', '', 0, 92, 92, 4, 0, 14, 14, 0, 0, 1, 1.14286, 1.14286, 1, 1, 58839, 73339, 0, 45299, 6, 2000, 2000, 1, 0, 0, 0, 0, 0, 0, 0, 0, 0, 0, 0, 4, 2097224, 0, 0, 0, 0, 0, 0, 0, 0, 0, 0, 0, 0, 0, 0, 0, 0, 0, 0, 0, 0, 0, 0, '', 0, 3, 1, 375, 1, 1, 1, 0, 0, 0, 0, 0, 0, 0, 144, 1, 0, 0, 0, '', 17614),

(72662, 0, 0, 0, 726624, 726625, 726626, 0, 0, 0, 0, 0, 0, 0, 0, 0, 0, 0, 50900, 0, 0, 0, 'Vanity', '', '', 0, 92, 92, 4, 0, 14, 14, 0, 0, 1, 1.14286, 1.14286, 1, 1, 58839, 73339, 0, 45299, 4, 2000, 2000, 1, 0, 0, 0, 0, 0, 0, 0, 0, 0, 0, 0, 4, 2097224, 0, 0, 0, 0, 0, 0, 0, 0, 0, 0, 0, 0, 0, 0, 0, 0, 0, 0, 0, 0, 0, 0, '', 0, 3, 1, 110, 1, 1, 1, 0, 0, 0, 0, 0, 0, 0, 144, 1, 0, 0, 0, '', 17614),
(726624, 0, 0, 0, 0, 0, 0, 0, 0, 0, 0, 0, 0, 0, 0, 0, 0, 0, 50900, 0, 0, 0, 'Vanity', '', '', 0, 92, 92, 4, 0, 14, 14, 0, 0, 1, 1.14286, 1.14286, 1, 1, 58839, 73339, 0, 45299, 4, 2000, 2000, 1, 0, 0, 0, 0, 0, 0, 0, 0, 0, 0, 0, 4, 2097224, 0, 0, 0, 0, 0, 0, 0, 0, 0, 0, 0, 0, 0, 0, 0, 0, 0, 0, 0, 0, 0, 0, '', 0, 3, 1, 308, 1, 1, 1, 0, 0, 0, 0, 0, 0, 0, 144, 1, 0, 0, 0, '', 17614),
(726625, 0, 0, 0, 0, 0, 0, 0, 0, 0, 0, 0, 0, 0, 0, 0, 0, 0, 50900, 0, 0, 0, 'Vanity', '', '', 0, 92, 92, 4, 0, 14, 14, 0, 0, 1, 1.14286, 1.14286, 1, 1, 58839, 73339, 0, 45299, 5, 2000, 2000, 1, 0, 0, 0, 0, 0, 0, 0, 0, 0, 0, 0, 4, 2097224, 0, 0, 0, 0, 0, 0, 0, 0, 0, 0, 0, 0, 0, 0, 0, 0, 0, 0, 0, 0, 0, 0, '', 0, 3, 1, 110, 1, 1, 1, 0, 0, 0, 0, 0, 0, 0, 144, 1, 0, 0, 0, '', 17614),
(726626, 0, 0, 0, 0, 0, 0, 0, 0, 0, 0, 0, 0, 0, 0, 0, 0, 0, 50900, 0, 0, 0, 'Vanity', '', '', 0, 92, 92, 4, 0, 14, 14, 0, 0, 1, 1.14286, 1.14286, 1, 1, 58839, 73339, 0, 45299, 5, 2000, 2000, 1, 0, 0, 0, 0, 0, 0, 0, 0, 0, 0, 0, 4, 2097224, 0, 0, 0, 0, 0, 0, 0, 0, 0, 0, 0, 0, 0, 0, 0, 0, 0, 0, 0, 0, 0, 0, '', 0, 3, 1, 308, 1, 1, 1, 0, 0, 0, 0, 0, 0, 0, 144, 1, 0, 0, 0, '', 17614),

(72663, 0, 0, 0, 726634, 726635, 726636, 0, 0, 0, 0, 0, 0, 0, 0, 0, 0, 0, 50900, 0, 0, 0, 'Arrogance', '', '', 0, 92, 92, 4, 0, 14, 14, 0, 0, 1, 1.14286, 1.14286, 1, 1, 58839, 73339, 0, 45299, 4, 2000, 2000, 1, 0, 0, 0, 0, 0, 0, 0, 0, 0, 0, 0, 4, 2097224, 0, 0, 0, 0, 0, 0, 0, 0, 0, 0, 0, 0, 0, 0, 0, 0, 0, 0, 0, 0, 0, 0, '', 0, 3, 1, 110, 1, 1, 1, 0, 0, 0, 0, 0, 0, 0, 144, 1, 0, 0, 0, '', 17614),
(726634, 0, 0, 0, 0, 0, 0, 0, 0, 0, 0, 0, 0, 0, 0, 0, 0, 0, 50900, 0, 0, 0, 'Arrogance', '', '', 0, 92, 92, 4, 0, 14, 14, 0, 0, 1, 1.14286, 1.14286, 1, 1, 58839, 73339, 0, 45299, 4, 2000, 2000, 1, 0, 0, 0, 0, 0, 0, 0, 0, 0, 0, 0, 4, 2097224, 0, 0, 0, 0, 0, 0, 0, 0, 0, 0, 0, 0, 0, 0, 0, 0, 0, 0, 0, 0, 0, 0, '', 0, 3, 1, 308, 1, 1, 1, 0, 0, 0, 0, 0, 0, 0, 144, 1, 0, 0, 0, '', 17614),
(726635, 0, 0, 0, 0, 0, 0, 0, 0, 0, 0, 0, 0, 0, 0, 0, 0, 0, 50900, 0, 0, 0, 'Arrogance', '', '', 0, 92, 92, 4, 0, 14, 14, 0, 0, 1, 1.14286, 1.14286, 1, 1, 58839, 73339, 0, 45299, 5, 2000, 2000, 1, 0, 0, 0, 0, 0, 0, 0, 0, 0, 0, 0, 4, 2097224, 0, 0, 0, 0, 0, 0, 0, 0, 0, 0, 0, 0, 0, 0, 0, 0, 0, 0, 0, 0, 0, 0, '', 0, 3, 1, 110, 1, 1, 1, 0, 0, 0, 0, 0, 0, 0, 144, 1, 0, 0, 0, '', 17614),
(726636, 0, 0, 0, 0, 0, 0, 0, 0, 0, 0, 0, 0, 0, 0, 0, 0, 0, 50900, 0, 0, 0, 'Arrogance', '', '', 0, 92, 92, 4, 0, 14, 14, 0, 0, 1, 1.14286, 1.14286, 1, 1, 58839, 73339, 0, 45299, 5, 2000, 2000, 1, 0, 0, 0, 0, 0, 0, 0, 0, 0, 0, 0, 4, 2097224, 0, 0, 0, 0, 0, 0, 0, 0, 0, 0, 0, 0, 0, 0, 0, 0, 0, 0, 0, 0, 0, 0, '', 0, 3, 1, 308, 1, 1, 1, 0, 0, 0, 0, 0, 0, 0, 144, 1, 0, 0, 0, '', 17614),

(72655, 0, 0, 0, 726554, 726555, 726556, 0, 0, 0, 0, 0, 0, 0, 0, 0, 0, 0, 40907, 0, 0, 0, 'Fragment of Pride', '', '', 0, 91, 91, 4, 0, 14, 14, 0, 0, 1, 1.14286, 1.14286, 1, 1, 58839, 73339, 0, 45299, 2, 2000, 2000, 1, 0, 0, 0, 0, 0, 0, 0, 0, 0, 0, 0, 4, 2097224, 0, 0, 0, 0, 0, 0, 0, 0, 0, 0, 0, 0, 0, 0, 0, 0, 0, 0, 0, 0, 0, 0, '', 0, 3, 1, 22, 1, 1, 1, 0, 0, 0, 0, 0, 0, 0, 151, 1, 0, 0, 0, '', 17614),
(726554, 0, 0, 0, 0, 0, 0, 0, 0, 0, 0, 0, 0, 0, 0, 0, 0, 0, 40907, 0, 0, 0, 'Fragment of Pride', '', '', 0, 91, 91, 4, 0, 14, 14, 0, 0, 1, 1.14286, 1.14286, 1, 1, 58839, 73339, 0, 45299, 2, 2000, 2000, 1, 0, 0, 0, 0, 0, 0, 0, 0, 0, 0, 0, 4, 2097224, 0, 0, 0, 0, 0, 0, 0, 0, 0, 0, 0, 0, 0, 0, 0, 0, 0, 0, 0, 0, 0, 0, '', 0, 3, 1, 66, 1, 1, 1, 0, 0, 0, 0, 0, 0, 0, 151, 1, 0, 0, 0, '', 17614),
(726555, 0, 0, 0, 0, 0, 0, 0, 0, 0, 0, 0, 0, 0, 0, 0, 0, 0, 40907, 0, 0, 0, 'Fragment of Pride', '', '', 0, 91, 91, 4, 0, 14, 14, 0, 0, 1, 1.14286, 1.14286, 1, 1, 58839, 73339, 0, 45299, 2, 2000, 2000, 1, 0, 0, 0, 0, 0, 0, 0, 0, 0, 0, 0, 4, 2097224, 0, 0, 0, 0, 0, 0, 0, 0, 0, 0, 0, 0, 0, 0, 0, 0, 0, 0, 0, 0, 0, 0, '', 0, 3, 1, 22, 1, 1, 1, 0, 0, 0, 0, 0, 0, 0, 151, 1, 0, 0, 0, '', 17614),
(726556, 0, 0, 0, 0, 0, 0, 0, 0, 0, 0, 0, 0, 0, 0, 0, 0, 0, 40907, 0, 0, 0, 'Fragment of Pride', '', '', 0, 91, 91, 4, 0, 14, 14, 0, 0, 1, 1.14286, 1.14286, 1, 1, 58839, 73339, 0, 45299, 2, 2000, 2000, 1, 0, 0, 0, 0, 0, 0, 0, 0, 0, 0, 0, 4, 2097224, 0, 0, 0, 0, 0, 0, 0, 0, 0, 0, 0, 0, 0, 0, 0, 0, 0, 0, 0, 0, 0, 0, '', 0, 3, 1, 66, 1, 1, 1, 0, 0, 0, 0, 0, 0, 0, 151, 1, 0, 0, 0, '', 17614),

(72658, 0, 0, 0, 726584, 726585, 726586, 0, 0, 0, 0, 0, 0, 0, 0, 0, 0, 0, 42216, 0, 0, 0, 'Amalgamated Hubris', '', '', 0, 91, 91, 4, 0, 14, 14, 0, 0, 1, 1.14286, 1.14286, 1, 1, 58839, 73339, 0, 45299, 3, 2000, 2000, 1, 0, 0, 0, 0, 0, 0, 0, 0, 0, 0, 0, 4, 2097224, 0, 0, 0, 0, 0, 0, 0, 0, 0, 0, 0, 0, 0, 0, 0, 0, 0, 0, 0, 0, 0, 0, '', 0, 3, 1, 40, 1, 1, 1, 0, 0, 0, 0, 0, 0, 0, 151, 1, 0, 0, 0, '', 17614),
(726584, 0, 0, 0, 0, 0, 0, 0, 0, 0, 0, 0, 0, 0, 0, 0, 0, 0, 42216, 0, 0, 0, 'Amalgamated Hubris', '', '', 0, 91, 91, 4, 0, 14, 14, 0, 0, 1, 1.14286, 1.14286, 1, 1, 58839, 73339, 0, 45299, 3, 2000, 2000, 1, 0, 0, 0, 0, 0, 0, 0, 0, 0, 0, 0, 4, 2097224, 0, 0, 0, 0, 0, 0, 0, 0, 0, 0, 0, 0, 0, 0, 0, 0, 0, 0, 0, 0, 0, 0, '', 0, 3, 1, 120, 1, 1, 1, 0, 0, 0, 0, 0, 0, 0, 151, 1, 0, 0, 0, '', 17614),
(726585, 0, 0, 0, 0, 0, 0, 0, 0, 0, 0, 0, 0, 0, 0, 0, 0, 0, 42216, 0, 0, 0, 'Amalgamated Hubris', '', '', 0, 91, 91, 4, 0, 14, 14, 0, 0, 1, 1.14286, 1.14286, 1, 1, 58839, 73339, 0, 45299, 4, 2000, 2000, 1, 0, 0, 0, 0, 0, 0, 0, 0, 0, 0, 0, 4, 2097224, 0, 0, 0, 0, 0, 0, 0, 0, 0, 0, 0, 0, 0, 0, 0, 0, 0, 0, 0, 0, 0, 0, '', 0, 3, 1, 40, 1, 1, 1, 0, 0, 0, 0, 0, 0, 0, 151, 1, 0, 0, 0, '', 17614),
(726586, 0, 0, 0, 0, 0, 0, 0, 0, 0, 0, 0, 0, 0, 0, 0, 0, 0, 42216, 0, 0, 0, 'Amalgamated Hubris', '', '', 0, 91, 91, 4, 0, 14, 14, 0, 0, 1, 1.14286, 1.14286, 1, 1, 58839, 73339, 0, 45299, 4, 2000, 2000, 1, 0, 0, 0, 0, 0, 0, 0, 0, 0, 0, 0, 4, 2097224, 0, 0, 0, 0, 0, 0, 0, 0, 0, 0, 0, 0, 0, 0, 0, 0, 0, 0, 0, 0, 0, 0, '', 0, 3, 1, 120, 1, 1, 1, 0, 0, 0, 0, 0, 0, 0, 151, 1, 0, 0, 0, '', 17614);

DELETE FROM `creature` WHERE `map`=1136 AND `id` IN
(72662, 72663, 72661, 72655, 72658);
INSERT INTO `creature` (`id`, `map`, `zoneId`, `areaId`, `spawnMask`, `phaseMask`, `modelid`, `equipment_id`, `position_x`, `position_y`, `position_z`, `orientation`, `spawntimesecs`, `spawndist`, `currentwaypoint`, `curhealth`, `curmana`, `MovementType`, `npcflag`, `npcflag2`, `unit_flags`, `unit_flags2`, `dynamicflags`, `isActive`, `protec_anti_doublet`) VALUES 
(72658, 1136, 0, 0, 120, 65535, 0, 0, 1172.54, 942.462, 416.091, 0.181514, 86400, 0, 0, 16301280, 0, 0, 0, 0, 0, 0, 0, 0, NULL),
(72655, 1136, 0, 0, 120, 65535, 0, 0, 1172.09, 946.231, 416.389, 0.0191986, 86400, 0, 0, 8965704, 0, 0, 0, 0, 0, 0, 0, 0, NULL),
(72655, 1136, 0, 0, 120, 65535, 0, 0, 1172.23, 938.865, 415.705, 0.0191986, 86400, 0, 0, 8965704, 0, 0, 0, 0, 0, 0, 0, 0, NULL),
(72655, 1136, 0, 0, 120, 65535, 0, 0, 1177.06, 938.958, 416.069, 0.0191986, 86400, 0, 0, 8965704, 0, 0, 0, 0, 0, 0, 0, 0, NULL),
(72655, 1136, 0, 0, 120, 65535, 0, 0, 1178.69, 944.219, 415.744, 0.0191986, 86400, 0, 0, 8965704, 0, 0, 0, 0, 0, 0, 0, 0, NULL),
(72662, 1136, 0, 0, 120, 65535, 0, 0, 1123.03, 907.859, 404.101, 3.73675, 86400, 0, 0, 46375120, 0, 0, 0, 0, 0, 0, 0, 0, NULL),
(72655, 1136, 0, 0, 120, 65535, 0, 0, 1126.81, 887.649, 404.1, 3.19002, 86400, 0, 0, 8965704, 0, 0, 0, 0, 0, 0, 0, 0, NULL),
(72655, 1136, 0, 0, 120, 65535, 0, 0, 1126.94, 884.799, 404.1, 3.19002, 86400, 0, 0, 8965704, 0, 0, 0, 0, 0, 0, 0, 0, NULL),
(72655, 1136, 0, 0, 120, 65535, 0, 0, 1127.08, 881.985, 404.1, 3.19002, 86400, 0, 0, 8965704, 0, 0, 0, 0, 0, 0, 0, 0, NULL),
(72655, 1136, 0, 0, 120, 65535, 0, 0, 1127.21, 879.241, 404.1, 3.19002, 86400, 0, 0, 8965704, 0, 0, 0, 0, 0, 0, 0, 0, NULL),
(72655, 1136, 0, 0, 120, 65535, 0, 0, 1127.38, 875.745, 404.1, 3.19002, 86400, 0, 0, 8965704, 0, 0, 0, 0, 0, 0, 0, 0, NULL),
(72655, 1136, 0, 0, 120, 65535, 0, 0, 1215.33, 818.165, 377.122, 0.853464, 86400, 0, 0, 8965704, 0, 0, 0, 0, 0, 0, 0, 0, NULL),
(72655, 1136, 0, 0, 120, 65535, 0, 0, 1213.67, 819.614, 377.293, 0.853464, 86400, 0, 0, 8965704, 0, 0, 0, 0, 0, 0, 0, 0, NULL),
(72655, 1136, 0, 0, 120, 65535, 0, 0, 1211.44, 821.558, 377.58, 0.853464, 86400, 0, 0, 8965704, 0, 0, 0, 0, 0, 0, 0, 0, NULL),
(72655, 1136, 0, 0, 120, 65535, 0, 0, 1209.59, 823.169, 377.721, 0.853464, 86400, 0, 0, 8965704, 0, 0, 0, 0, 0, 0, 0, 0, NULL),
(72655, 1136, 0, 0, 120, 65535, 0, 0, 1207.77, 824.757, 377.932, 0.853464, 86400, 0, 0, 8965704, 0, 0, 0, 0, 0, 0, 0, 0, NULL),
(72658, 1136, 0, 0, 120, 65535, 0, 0, 1242.75, 885.548, 390.256, 1.84656, 86400, 0, 0, 16301280, 0, 0, 0, 0, 0, 0, 0, 0, NULL),
(72655, 1136, 0, 0, 120, 65535, 0, 0, 1245.36, 886.287, 390.287, 1.84656, 86400, 0, 0, 8965704, 0, 0, 0, 0, 0, 0, 0, 0, NULL),
(72655, 1136, 0, 0, 120, 65535, 0, 0, 1248.19, 885.972, 390.115, 1.84656, 86400, 0, 0, 8965704, 0, 0, 0, 0, 0, 0, 0, 0, NULL),
(72655, 1136, 0, 0, 120, 65535, 0, 0, 1239.14, 886.893, 391.553, 1.84656, 86400, 0, 0, 8965704, 0, 0, 0, 0, 0, 0, 0, 0, NULL),
(72663, 1136, 0, 0, 120, 65535, 0, 0, 1200.55, 864.74, 378.172, 3.99724, 86400, 0, 0, 46375120, 0, 0, 0, 0, 0, 0, 0, 0, NULL),
(72658, 1136, 0, 0, 120, 65535, 0, 0, 1010.91, 839.07, 379.66, 0.857824, 86400, 0, 0, 16301280, 0, 0, 0, 0, 0, 0, 0, 0, NULL),
(72658, 1136, 0, 0, 120, 65535, 0, 0, 1007.37, 845.923, 378.54, 0.857824, 86400, 0, 0, 16301280, 0, 0, 0, 0, 0, 0, 0, 0, NULL),
(72655, 1136, 0, 0, 120, 65535, 0, 0, 1031.53, 885.45, 378.66, 0.411892, 86400, 0, 0, 8965704, 0, 0, 0, 0, 0, 0, 0, 0, NULL),
(72655, 1136, 0, 0, 120, 65535, 0, 0, 1029.83, 889.346, 378.359, 0.411892, 86400, 0, 0, 8965704, 0, 0, 0, 0, 0, 0, 0, 0, NULL),
(72655, 1136, 0, 0, 120, 65535, 0, 0, 1026.68, 885.741, 378.386, 0.411892, 86400, 0, 0, 8965704, 0, 0, 0, 0, 0, 0, 0, 0, NULL),
(72655, 1136, 0, 0, 120, 65535, 0, 0, 1029.45, 879.391, 378.713, 0.411892, 86400, 0, 0, 8965704, 0, 0, 0, 0, 0, 0, 0, 0, NULL),
(72655, 1136, 0, 0, 120, 65535, 0, 0, 959.406, 853.725, 378.848, 0.695946, 86400, 0, 0, 8965704, 0, 0, 0, 0, 0, 0, 0, 0, NULL),
(72655, 1136, 0, 0, 120, 65535, 0, 0, 955.803, 854.055, 379.042, 0.695946, 86400, 0, 0, 8965704, 0, 0, 0, 0, 0, 0, 0, 0, NULL),
(72655, 1136, 0, 0, 120, 65535, 0, 0, 958.653, 850.644, 378.856, 0.695946, 86400, 0, 0, 8965704, 0, 0, 0, 0, 0, 0, 0, 0, NULL),
(72655, 1136, 0, 0, 120, 65535, 0, 0, 962.776, 854.088, 378.89, 0.695946, 86400, 0, 0, 8965704, 0, 0, 0, 0, 0, 0, 0, 0, NULL),
(72661, 1136, 0, 0, 120, 65535, 0, 0, 967.031, 901.024, 378.317, 5.45546, 86400, 0, 0, 52699000, 0, 0, 0, 0, 0, 0, 0, 0, NULL);


UPDATE `creature_template` SET `mechanic_immune_mask`=617299967 WHERE `entry` IN 
(72661, 726614, 726615, 726616,
72662, 726624, 726625, 726626,
72663, 726634, 726635, 726636);

UPDATE `creature_template` SET `ScriptName`='npc_siege_of_orgrimmar_vanity' WHERE `entry`=72662;
UPDATE `creature_template` SET `ScriptName`='npc_siege_of_orgrimmar_arrogance' WHERE `entry`=72663;
UPDATE `creature_template` SET `ScriptName`='npc_siege_of_orgrimmar_zeal' WHERE `entry`=72661;
UPDATE `creature_template` SET `ScriptName`='npc_siege_of_orgrimmar_fragment_of_pride' WHERE `entry`=72655;
UPDATE `creature_template` SET `ScriptName`='npc_siege_of_orgrimmar_amalgamated_hubris' WHERE `entry`=72658;
    
DELETE FROM `conditions` WHERE `SourceEntry` IN (145818);
INSERT INTO `conditions` (`SourceTypeOrReferenceId`, `SourceGroup`, `SourceEntry`, `ElseGroup`, `ConditionTypeOrReference`, `ConditionTarget`, `ConditionValue1`, `ConditionValue2`, `Comment`) VALUES
('13', '3', '145818', '0', '31', '0',  '3', '72655', 'Fragment of Pride - Growing Pride'),
('13', '3', '145818', '1', '31', '0',  '3', '72658', 'Fragment of Pride - Growing Pride');
