
DELETE FROM `areatrigger_teleport` WHERE `target_map`=999;

REPLACE INTO `instance_template` (`map`, `parent`, `script`, `allowMount`) VALUES 
(999, 1, 'instance_theramores_fall_h', 1);

REPLACE INTO `lfg_entrances` (`dungeonId`, `name`, `position_x`, `position_y`, `position_z`, `orientation`) VALUES 
(567, 'TheramoresFall_H', -3814.29, -4794.10, 10.87, 0.94);

REPLACE INTO `lfg_dungeon_rewards` (`dungeonId`, `maxLevel`, `firstQuestId`, `firstMoneyVar`, `firstXPVar`, `otherQuestId`, `otherMoneyVar`, `otherXPVar`) VALUES 
(542, 90, 31988, 0, 0, 31988, 0, 0), 
(567, 90, 31616, 0, 0, 32899, 0, 0);

DELETE FROM `creature` WHERE `map`=999 AND `id` IN
(58612, 58934, 58929,
59088, 58665, 59086, 58939,
59087, 59089, 58936, 58948,
59471, 58765, 58878, 58877,
58913, 59595, 59596, 59317,
58782, 58777, 59654, 58787,
58788, 58816, 58840, 58870);
INSERT INTO `creature`(`id`, `map`, `zoneId`, `areaId`, `spawnMask`, `phaseMask`, `modelid`, `equipment_id`, `position_x`, `position_y`, `position_z`, `orientation`, `spawntimesecs`, `spawndist`, `currentwaypoint`, `curhealth`, `curmana`, `MovementType`, `npcflag`, `npcflag2`, `unit_flags`, `unit_flags2`, `dynamicflags`, `isActive`, `protec_anti_doublet`) VALUES
(58612, 999, 6040, 6042, 4096, 65535, 0, 0, -3941.2, -4661.72, 8.45553, 0.665332, 86400, 0, 0, 393941, 0, 0, 0, 0, 0, 0, 0, 0, NULL),
(58612, 999, 6040, 6042, 4096, 65535, 0, 0, -3939.34, -4664.09, 8.44937, 0.665332, 86400, 0, 0, 393941, 0, 0, 0, 0, 0, 0, 0, 0, NULL),
(58934, 999, 6040, 6042, 4096, 65535, 0, 0, -3928.74, -4680.9, 18.3825, 0.830268, 86400, 0, 0, 0, 0, 0, 0, 0, 0, 0, 0, 0, NULL),
(58934, 999, 6040, 6042, 4096, 65535, 0, 0, -3925.55, -4683.82, 18.3603, 0.830268, 86400, 0, 0, 0, 0, 0, 0, 0, 0, 0, 0, 0, NULL),
(58934, 999, 6040, 6042, 4096, 65535, 0, 0, -3922.54, -4686.57, 18.3178, 0.830268, 86400, 0, 0, 0, 0, 0, 0, 0, 0, 0, 0, 0, NULL),
(58934, 999, 6040, 6042, 4096, 65535, 0, 0, -3899.77, -4653.39, 13.4598, 4.00677, 86400, 0, 0, 0, 0, 0, 0, 0, 0, 0, 0, 0, NULL),
(58929, 999, 6040, 6042, 4096, 65535, 0, 0, -3893.82, -4658.46, 13.5039, 3.65247, 86400, 0, 0, 1, 0, 0, 0, 0, 0, 0, 0, 0, NULL),
(59088, 999, 6040, 6042, 4096, 65535, 0, 0, -3907.07, -4665.04, 13.2502, 3.88765, 86400, 0, 0, 6, 0, 0, 0, 0, 0, 0, 0, 0, NULL),
(58665, 999, 6040, 6042, 4096, 65535, 0, 0, -3921.55, -4680.47, 17.7044, 3.71661, 86400, 0, 0, 1, 0, 0, 0, 0, 0, 0, 0, 0, NULL),
(58929, 999, 6040, 6042, 4096, 65535, 0, 0, -3934.46, -4612.7, 13.3406, 3.93913, 86400, 0, 0, 1, 0, 0, 0, 0, 0, 0, 0, 0, NULL),
(58934, 999, 6040, 6042, 4096, 65535, 0, 0, -3958.02, -4643.89, 18.8487, 0.84161, 86400, 0, 0, 0, 0, 0, 0, 0, 0, 0, 0, 0, NULL),
(58934, 999, 6040, 6042, 4096, 65535, 0, 0, -3964.59, -4638.02, 18.913, 0.84161, 86400, 0, 0, 0, 0, 0, 0, 0, 0, 0, 0, 0, NULL),
(59086, 999, 6040, 6042, 4096, 65535, 0, 0, -3950.9, -4636.11, 17.6077, 0.84161, 86400, 0, 0, 6, 0, 0, 0, 0, 0, 0, 0, 0, NULL),
(58665, 999, 6040, 6042, 4096, 65535, 0, 0, -3955.32, -4634.16, 17.786, 3.73449, 86400, 0, 0, 1, 0, 0, 0, 0, 0, 0, 0, 0, NULL),
(58612, 999, 6040, 6042, 4096, 65535, 0, 0, -4020.31, -4572.7, 9.0502, 0.606864, 86400, 0, 0, 393941, 0, 0, 0, 0, 0, 0, 0, 0, NULL),
(58612, 999, 6040, 6042, 4096, 65535, 0, 0, -4018.57, -4575.2, 9.11636, 0.606864, 86400, 0, 0, 393941, 0, 0, 0, 0, 0, 0, 0, 0, NULL),
(58934, 999, 6040, 6042, 4096, 65535, 0, 0, -3996.04, -4596.03, 17.93, 0.713764, 86400, 0, 0, 0, 0, 0, 0, 0, 0, 0, 0, 0, NULL),
(58934, 999, 6040, 6042, 4096, 65535, 0, 0, -3992.65, -4599.94, 17.9629, 0.713764, 86400, 0, 0, 0, 0, 0, 0, 0, 0, 0, 0, 0, NULL),
(58934, 999, 6040, 6042, 4096, 65535, 0, 0, -3987.1, -4599.01, 13.1069, 0.787067, 86400, 0, 0, 0, 0, 0, 0, 0, 0, 0, 0, 0, NULL),
(58939, 999, 6040, 6042, 4096, 65535, 0, 0, -3969.26, -4570.91, 13.5356, 5.57363, 86400, 0, 0, 1, 0, 0, 0, 0, 0, 0, 0, 0, NULL),
(58929, 999, 6040, 6042, 4096, 65535, 0, 0, -3965.99, -4574, 13.522, 2.40019, 86400, 0, 0, 1, 0, 0, 0, 0, 0, 0, 0, 0, NULL),
(59087, 999, 6040, 6042, 4096, 65535, 0, 0, -3981.94, -4586.13, 13.2195, 3.99455, 86400, 0, 0, 6, 0, 0, 0, 0, 0, 0, 0, 0, NULL),
(58665, 999, 6040, 6042, 4096, 65535, 0, 0, -3989.96, -4601.47, 17.9077, 0.713764, 86400, 0, 0, 1, 0, 0, 0, 0, 0, 0, 0, 0, NULL),
(58934, 999, 6040, 6042, 4096, 65535, 0, 0, -4107.87, -4547.92, 18.9998, 0.5004, 86400, 0, 0, 0, 0, 0, 0, 0, 0, 0, 0, 0, NULL),
(58934, 999, 6040, 6042, 4096, 65535, 0, 0, -4103.83, -4551.22, 18.9992, 1.58774, 86400, 0, 0, 0, 0, 0, 0, 0, 0, 0, 0, 0, NULL),
(58934, 999, 6040, 6042, 4096, 65535, 0, 0, -4101.95, -4544.81, 18.2455, 3.8571, 86400, 0, 0, 0, 0, 0, 0, 0, 0, 0, 0, 0, NULL),
(58934, 999, 6040, 6042, 4096, 65535, 0, 0, -4100.04, -4547, 18.288, 3.32565, 86400, 0, 0, 0, 0, 0, 0, 0, 0, 0, 0, 0, NULL),
(58934, 999, 6040, 6042, 4096, 65535, 0, 0, -4103.77, -4543.58, 18.2629, 4.49546, 86400, 0, 0, 0, 0, 0, 0, 0, 0, 0, 0, 0, NULL),
(58934, 999, 6040, 6042, 4096, 65535, 0, 0, -4092.2, -4544.22, 13.0947, 1.02269, 86400, 0, 0, 0, 0, 0, 0, 0, 0, 0, 0, 0, NULL),
(58934, 999, 6040, 6042, 4096, 65535, 0, 0, -4090.78, -4535.5, 13.1433, 4.65734, 86400, 0, 0, 0, 0, 0, 0, 0, 0, 0, 0, 0, NULL),
(58934, 999, 6040, 6042, 4096, 65535, 0, 0, -4086.77, -4538.99, 13.0139, 3.31038, 86400, 0, 0, 0, 0, 0, 0, 0, 0, 0, 0, 0, NULL),
(58934, 999, 6040, 6042, 4096, 65535, 0, 0, -4080.54, -4520.15, 13.3342, 1.4564, 86400, 0, 0, 0, 0, 0, 0, 0, 0, 0, 0, 0, NULL),
(58934, 999, 6040, 6042, 4096, 65535, 0, 0, -4084.98, -4518.53, 13.1986, 0.671442, 86400, 0, 0, 0, 0, 0, 0, 0, 0, 0, 0, 0, NULL),
(58934, 999, 6040, 6042, 4096, 65535, 0, 0, -4076.64, -4514.43, 13.5594, 3.51546, 86400, 0, 0, 0, 0, 0, 0, 0, 0, 0, 0, 0, NULL),
(58934, 999, 6040, 6042, 4096, 65535, 0, 0, -4080.56, -4511.6, 13.4229, 4.57836, 86400, 0, 0, 0, 0, 0, 0, 0, 0, 0, 0, 0, NULL),
(59089, 999, 6040, 6042, 4096, 65535, 0, 0, -4095.04, -4529.26, 13.0562, 0.451966, 86400, 0, 0, 6, 0, 0, 0, 0, 0, 0, 0, 0, NULL),
(58665, 999, 6040, 6042, 4096, 65535, 0, 0, -4071.77, -4516.24, 13.5642, 4.09578, 86400, 0, 0, 1, 0, 0, 0, 0, 0, 0, 0, 0, NULL),
(58612, 999, 6040, 6042, 4096, 65535, 0, 0, -3967.19, -4744.51, 5.16874, 2.29721, 86400, 0, 0, 393941, 0, 0, 0, 0, 0, 0, 0, 0, NULL),
(58612, 999, 6040, 6042, 4096, 65535, 0, 0, -3970.69, -4747.63, 5.19428, 2.29721, 86400, 0, 0, 393941, 0, 0, 0, 0, 0, 0, 0, 0, NULL),
(58929, 999, 6040, 6042, 4096, 65535, 0, 0, -3926.12, -4761.2, 13.1325, 3.91294, 86400, 0, 0, 1, 0, 0, 0, 0, 0, 0, 0, 0, NULL),
(58929, 999, 6040, 6042, 4096, 65535, 0, 0, -3937.35, -4784.73, 18.3344, 1.01395, 86400, 0, 0, 1, 0, 0, 0, 0, 0, 0, 0, 0, NULL),
(58934, 999, 6040, 6042, 4096, 65535, 0, 0, -3940.58, -4779.49, 18.1528, 1.01395, 86400, 0, 0, 0, 0, 0, 0, 0, 0, 0, 0, 0, NULL),
(58934, 999, 6040, 6042, 4096, 65535, 0, 0, -3907.93, -4757.97, 13.421, 3.85491, 86400, 0, 0, 0, 0, 0, 0, 0, 0, 0, 0, 0, NULL),
(58934, 999, 6040, 6042, 4096, 65535, 0, 0, -3914.17, -4750.76, 13.5127, 3.85491, 86400, 0, 0, 0, 0, 0, 0, 0, 0, 0, 0, 0, NULL),
(58936, 999, 6040, 6042, 4096, 65535, 0, 0, -3909.47, -4763.07, 13.1732, 3.6014, 86400, 0, 0, 5, 0, 0, 0, 0, 0, 0, 0, 0, NULL),
(58665, 999, 6040, 6042, 4096, 65535, 0, 0, -3908.19, -4754.34, 13.5705, 4.20921, 86400, 0, 0, 1, 0, 0, 0, 0, 0, 0, 0, 0, NULL),
(58934, 999, 6040, 6042, 4096, 65535, 0, 0, -4031.19, -4740, 13.3145, 5.99338, 86400, 0, 0, 0, 0, 0, 0, 0, 0, 0, 0, 0, NULL),
(58934, 999, 6040, 6042, 4096, 65535, 0, 0, -4028.89, -4734.5, 13.5288, 5.62991, 86400, 0, 0, 0, 0, 0, 0, 0, 0, 0, 0, 0, NULL),
(58948, 999, 6040, 6042, 4096, 65535, 0, 0, -3994.68, -4761.51, 18.8805, 2.21518, 86400, 0, 0, 5, 0, 0, 0, 0, 0, 0, 0, 0, NULL),
(58665, 999, 6040, 6042, 4096, 65535, 0, 0, -4008.8, -4754.33, 13.0583, 2.28237, 86400, 0, 0, 1, 0, 0, 0, 0, 0, 0, 0, 0, NULL),
(59471, 999, 6040, 6047, 4096, 65535, 0, 0, -3819.75, -4795.94, 11.38, 0.673199, 86400, 0, 0, 393941, 0, 0, 0, 0, 0, 0, 0, 0, NULL),
(58765, 999, 6040, 6042, 4096, 65535, 0, 0, -3878.16, -4590.97, 8.67436, 4.03252, 86400, 0, 0, 5, 0, 0, 0, 0, 0, 0, 0, 0, NULL),
(58878, 999, 6040, 6042, 4096, 65535, 0, 0, -3873.98, -4588.85, 8.64636, 0.633056, 86400, 0, 0, 3, 0, 0, 0, 0, 0, 0, 0, 0, NULL),
(58877, 999, 6040, 6042, 4096, 65535, 0, 0, -3869.16, -4589.9, 8.95189, 0.485605, 86400, 0, 0, 393941, 0, 0, 0, 0, 0, 0, 0, 0, NULL),
(58877, 999, 6040, 6042, 4096, 65535, 0, 0, -3867.35, -4593.32, 8.84125, 0.485605, 86400, 0, 0, 393941, 0, 0, 0, 0, 0, 0, 0, 0, NULL),
(58877, 999, 6040, 6042, 4096, 65535, 0, 0, -3874.02, -4582.62, 9.00192, 1.05371, 86400, 0, 0, 393941, 0, 0, 0, 0, 0, 0, 0, 0, NULL),
(58877, 999, 6040, 6042, 4096, 65535, 0, 0, -3877.32, -4580.75, 9.02954, 1.05371, 86400, 0, 0, 393941, 0, 0, 0, 0, 0, 0, 0, 0, NULL),
(58877, 999, 6040, 6042, 4096, 65535, 0, 0, -3960.14, -4532.62, 8.88448, 3.87329, 86400, 0, 0, 393941, 0, 0, 0, 0, 0, 0, 0, 0, NULL),
(58877, 999, 6040, 6042, 4096, 65535, 0, 0, -3969.19, -4525.02, 8.8261, 3.87329, 86400, 0, 0, 393941, 0, 0, 0, 0, 0, 0, 0, 0, NULL),
(58612, 999, 6040, 6042, 4096, 65535, 0, 0, -3820.78, -4545.76, 9.63717, 3.79083, 86400, 0, 0, 393941, 0, 0, 0, 0, 0, 0, 0, 0, NULL),
(58612, 999, 6040, 6042, 4096, 65535, 0, 0, -3818.24, -4549.11, 9.81859, 3.79083, 86400, 0, 0, 393941, 0, 0, 0, 0, 0, 0, 0, 0, NULL),
(58612, 999, 6040, 6042, 4096, 65535, 0, 0, -3816.12, -4551.9, 9.65639, 3.79083, 86400, 0, 0, 393941, 0, 0, 0, 0, 0, 0, 0, 0, NULL),
(58612, 999, 6040, 6042, 4096, 65535, 0, 0, -3833.31, -4532.1, 9.69621, 3.87635, 86400, 0, 0, 393941, 0, 0, 0, 0, 0, 0, 0, 0, NULL),
(58612, 999, 6040, 6042, 4096, 65535, 0, 0, -3836.09, -4529.02, 9.96919, 3.87635, 86400, 0, 0, 393941, 0, 0, 0, 0, 0, 0, 0, 0, NULL),
(58612, 999, 6040, 6042, 4096, 65535, 0, 0, -3838.78, -4526.05, 10.1684, 3.87635, 86400, 0, 0, 393941, 0, 0, 0, 0, 0, 0, 0, 0, NULL),
(58612, 999, 6040, 6042, 4096, 65535, 0, 0, -3847.72, -4534.13, 9.38559, 3.87635, 86400, 0, 0, 393941, 0, 0, 0, 0, 0, 0, 0, 0, NULL),
(58612, 999, 6040, 6042, 4096, 65535, 0, 0, -3840.88, -4541.7, 9.11982, 3.87635, 86400, 0, 0, 393941, 0, 0, 0, 0, 0, 0, 0, 0, NULL),
(58612, 999, 6040, 6042, 4096, 65535, 0, 0, -3831.44, -4552.15, 9.00088, 3.87635, 86400, 0, 0, 393941, 0, 0, 0, 0, 0, 0, 0, 0, NULL),
(58612, 999, 6040, 6042, 4096, 65535, 0, 0, -3828.16, -4555.77, 9.10173, 3.87635, 86400, 0, 0, 393941, 0, 0, 0, 0, 0, 0, 0, 0, NULL),
(58612, 999, 6040, 6042, 4096, 65535, 0, 0, -3824.82, -4559.48, 9.1497, 3.87635, 86400, 0, 0, 393941, 0, 0, 0, 0, 0, 0, 0, 0, NULL),
(58913, 999, 6040, 6042, 4096, 65535, 0, 0, -3844.79, -4538.46, 9.46907, 3.97758, 86400, 0, 0, 3, 0, 0, 0, 0, 0, 0, 0, 0, NULL),
(59595, 999, 6040, 6042, 4096, 65535, 0, 0, -3831.06, -4524.22, 10.8181, 3.80959, 86400, 0, 0, 393941, 0, 0, 0, 0, 0, 0, 0, 0, NULL),
(59596, 999, 6040, 6042, 4096, 65535, 0, 0, -3814.26, -4545.65, 10.5036, 3.91038, 86400, 0, 0, 393941, 0, 0, 0, 0, 0, 0, 0, 0, NULL),
(59317, 999, 6040, 6042, 4096, 65535, 0, 0, -3817.82, -4535.27, 9.21867, 3.9322, 86400, 0, 0, 393941, 0, 0, 0, 0, 0, 0, 0, 0, NULL),
(59317, 999, 6040, 6042, 4096, 65535, 0, 0, -3820.04, -4533.08, 9.21867, 3.9322, 86400, 0, 0, 393941, 0, 0, 0, 0, 0, 0, 0, 0, NULL),
(59317, 999, 6040, 6042, 4096, 65535, 0, 0, -3821.98, -4531.16, 9.21867, 3.9322, 86400, 0, 0, 393941, 0, 0, 0, 0, 0, 0, 0, 0, NULL),
(59595, 999, 6040, 6042, 4096, 65535, 0, 0, -3816.11, -4529.32, 9.21867, 3.9322, 86400, 0, 0, 393941, 0, 0, 0, 0, 0, 0, 0, 0, NULL),
(58782, 999, 6040, 6042, 4096, 65535, 0, 0, -3792.24, -4511.06, 11.5421, 3.96013, 86400, 0, 0, 393941, 0, 0, 0, 0, 0, 0, 0, 0, NULL),
(58782, 999, 6040, 6042, 4096, 65535, 0, 0, -3797.87, -4505.8, 11.5426, 3.96013, 86400, 0, 0, 393941, 0, 0, 0, 0, 0, 0, 0, 0, NULL),
(58777, 999, 6040, 6042, 4096, 65535, 0, 0, -3795.07, -4508.42, 11.5426, 3.96013, 86400, 0, 0, 10, 0, 0, 0, 0, 0, 0, 0, 0, NULL),
(59654, 999, 6040, 6042, 4096, 65535, 0, 0, -3738.07, -4499.6, 13.1026, 3.43217, 86400, 0, 0, 3, 0, 0, 0, 0, 0, 0, 0, 0, NULL),
(59654, 999, 6040, 6042, 4096, 65535, 0, 0, -3736.71, -4504.15, 12.7572, 3.43217, 86400, 0, 0, 3, 0, 0, 0, 0, 0, 0, 0, 0, NULL),
(59654, 999, 6040, 6042, 4096, 65535, 0, 0, -3730.68, -4502.34, 12.7646, 3.43217, 86400, 0, 0, 3, 0, 0, 0, 0, 0, 0, 0, 0, NULL),
(59654, 999, 6040, 6042, 4096, 65535, 0, 0, -3731.88, -4498.34, 13.0365, 3.43217, 86400, 0, 0, 3, 0, 0, 0, 0, 0, 0, 0, 0, NULL),
(58612, 999, 6040, 6042, 4096, 65535, 0, 0, -3808.76, -4429.25, 12.7507, 4.76428, 86400, 0, 0, 393941, 0, 0, 0, 0, 0, 0, 0, 0, NULL),
(59654, 999, 6040, 6042, 4096, 65535, 0, 0, -3812.43, -4433.25, 12.7047, 4.76428, 86400, 0, 0, 3, 0, 0, 0, 0, 0, 0, 0, 0, NULL),
(59654, 999, 6040, 6042, 4096, 65535, 0, 0, -3815.49, -4429.98, 12.7611, 4.76428, 86400, 0, 0, 3, 0, 0, 0, 0, 0, 0, 0, 0, NULL),
(59596, 999, 6040, 6042, 4096, 65535, 0, 0, -3813.11, -4426.64, 12.7268, 4.76428, 86400, 0, 0, 393941, 0, 0, 0, 0, 0, 0, 0, 0, NULL),
(59654, 999, 6040, 6042, 4096, 65535, 0, 0, -3834.59, -4408.62, 10.992, 5.9005, 86400, 0, 0, 3, 0, 0, 0, 0, 0, 0, 0, 0, NULL),
(59654, 999, 6040, 6042, 4096, 65535, 0, 0, -3836.55, -4413.48, 11.0639, 5.9005, 86400, 0, 0, 3, 0, 0, 0, 0, 0, 0, 0, 0, NULL),
(59317, 999, 6040, 6042, 4096, 65535, 0, 0, -3822.21, -4385.68, 11.4632, 4.90479, 86400, 0, 0, 393941, 0, 0, 0, 0, 0, 0, 0, 0, NULL),
(59317, 999, 6040, 6042, 4096, 65535, 0, 0, -3825.69, -4386.35, 10.9084, 4.90479, 86400, 0, 0, 393941, 0, 0, 0, 0, 0, 0, 0, 0, NULL),
(59317, 999, 6040, 6042, 4096, 65535, 0, 0, -3824.8, -4390.93, 11.0266, 1.08644, 86400, 0, 0, 393941, 0, 0, 0, 0, 0, 0, 0, 0, NULL),
(59596, 999, 6040, 6042, 4096, 65535, 0, 0, -3821.18, -4391.28, 11.4032, 2.14324, 86400, 0, 0, 393941, 0, 0, 0, 0, 0, 0, 0, 0, NULL),
(58787, 999, 6040, 6042, 4096, 65535, 0, 0, -3778.23, -4298.08, 9.27502, 5.13692, 86400, 0, 0, 15, 0, 0, 0, 0, 0, 0, 0, 0, NULL),
(58788, 999, 6040, 6042, 4096, 65535, 0, 0, -3793.95, -4301.25, 9.25688, 0.326352, 86400, 0, 0, 393941, 0, 0, 0, 0, 0, 0, 0, 0, NULL),
(58788, 999, 6040, 6042, 4096, 65535, 0, 0, -3734.12, -4288.67, 8.6891, 3.69571, 86400, 0, 0, 393941, 0, 0, 0, 0, 0, 0, 0, 0, NULL),
(58788, 999, 6040, 6042, 4096, 65535, 0, 0, -3734.17, -4322.58, 9.35133, 3.56437, 86400, 0, 0, 393941, 0, 0, 0, 0, 0, 0, 0, 0, NULL),
(58913, 999, 6040, 6042, 4096, 65535, 0, 0, -3683.19, -4389.32, 10.6123, 2.68516, 86400, 0, 0, 3, 0, 0, 0, 0, 0, 0, 0, 0, NULL),
(58612, 999, 6040, 6042, 4096, 65535, 0, 0, -3678.76, -4393.25, 10.6395, 2.68516, 86400, 0, 0, 393941, 0, 0, 0, 0, 0, 0, 0, 0, NULL),
(58612, 999, 6040, 6042, 4096, 65535, 0, 0, -3676.83, -4389.32, 10.5846, 2.68516, 86400, 0, 0, 393941, 0, 0, 0, 0, 0, 0, 0, 0, NULL),
(58612, 999, 6040, 6042, 4096, 65535, 0, 0, -3679.97, -4387.78, 10.53, 2.68516, 86400, 0, 0, 393941, 0, 0, 0, 0, 0, 0, 0, 0, NULL),
(59654, 999, 6040, 6042, 4096, 65535, 0, 0, -3678.17, -4476.98, 11.2785, 3.97104, 86400, 0, 0, 3, 0, 0, 0, 0, 0, 0, 0, 0, NULL),
(59654, 999, 6040, 6042, 4096, 65535, 0, 0, -3682.57, -4472.98, 11.6691, 3.9741, 86400, 0, 0, 3, 0, 0, 0, 0, 0, 0, 0, 0, NULL),
(59317, 999, 6040, 6042, 4096, 65535, 0, 0, -3673.82, -4498.91, 10.6098, 1.54591, 86400, 0, 0, 393941, 0, 0, 0, 0, 0, 0, 0, 0, NULL),
(59317, 999, 6040, 6042, 4096, 65535, 0, 0, -3670.22, -4499, 10.4737, 1.54591, 86400, 0, 0, 393941, 0, 0, 0, 0, 0, 0, 0, 0, NULL),
(59595, 999, 6040, 6042, 4096, 65535, 0, 0, -3671.98, -4496.47, 10.5672, 1.54591, 86400, 0, 0, 393941, 0, 0, 0, 0, 0, 0, 0, 0, NULL),
(58612, 999, 6040, 6042, 4096, 65535, 0, 0, -3673.58, -4494.82, 10.6472, 1.54591, 86400, 0, 0, 393941, 0, 0, 0, 0, 0, 0, 0, 0, NULL),
(58612, 999, 6040, 6042, 4096, 65535, 0, 0, -3670.75, -4494.89, 10.5867, 1.54591, 86400, 0, 0, 393941, 0, 0, 0, 0, 0, 0, 0, 0, NULL),
(58612, 999, 6040, 6042, 4096, 65535, 0, 0, -3678.7, -4527.91, 10.4109, 0.470791, 86400, 0, 0, 393941, 0, 0, 0, 0, 0, 0, 0, 0, NULL),
(58612, 999, 6040, 6042, 4096, 65535, 0, 0, -3679.85, -4525.67, 10.4764, 0.470791, 86400, 0, 0, 393941, 0, 0, 0, 0, 0, 0, 0, 0, NULL),
(58612, 999, 6040, 6042, 4096, 65535, 0, 0, -3681.22, -4522.98, 10.5518, 0.470791, 86400, 0, 0, 393941, 0, 0, 0, 0, 0, 0, 0, 0, NULL),
(59317, 999, 6040, 6046, 4096, 65535, 0, 0, -3682.86, -4526.21, 10.6591, 0.565469, 86400, 0, 0, 393941, 0, 0, 0, 0, 0, 0, 0, 0, NULL),
(58612, 999, 6040, 6046, 4096, 65535, 0, 0, -3715.82, -4537.69, 10.3982, 0.379156, 86400, 0, 0, 393941, 0, 0, 0, 0, 0, 0, 0, 0, NULL),
(58612, 999, 6040, 6046, 4096, 65535, 0, 0, -3713.52, -4543.4, 10.3982, 0.38221, 86400, 0, 0, 393941, 0, 0, 0, 0, 0, 0, 0, 0, NULL),
(59595, 999, 6040, 6046, 4096, 65535, 0, 0, -3716.13, -4541.13, 10.3982, 0.38221, 86400, 0, 0, 393941, 0, 0, 0, 0, 0, 0, 0, 0, NULL),
(58612, 999, 6040, 6046, 4096, 65535, 0, 0, -3707.23, -4554.29, 11.8975, 2.03766, 86400, 0, 0, 393941, 0, 0, 0, 0, 0, 0, 0, 0, NULL),
(58612, 999, 6040, 6046, 4096, 65535, 0, 0, -3722.86, -4523.27, 11.8977, 5.19321, 86400, 0, 0, 393941, 0, 0, 0, 0, 0, 0, 0, 0, NULL),
(58612, 999, 6040, 6046, 4096, 65535, 0, 0, -3731.57, -4556.92, 11.8977, 0.571581, 86400, 0, 0, 393941, 0, 0, 0, 0, 0, 0, 0, 0, NULL),
(58612, 999, 6040, 6046, 4096, 65535, 0, 0, -3733.16, -4554.46, 11.8977, 0.571581, 86400, 0, 0, 393941, 0, 0, 0, 0, 0, 0, 0, 0, NULL),
(59595, 999, 6040, 6046, 4096, 65535, 0, 0, -3736.04, -4556.31, 11.8977, 0.571581, 86400, 0, 0, 393941, 0, 0, 0, 0, 0, 0, 0, 0, NULL),
(58913, 999, 6040, 6046, 4096, 65535, 0, 0, -3734.57, -4558.59, 11.8977, 0.571581, 86400, 0, 0, 3, 0, 0, 0, 0, 0, 0, 0, 0, NULL),
(58816, 999, 6040, 6046, 4096, 65535, 0, 0, -3725.1, -4557.01, 4.74141, 2.79513, 86400, 0, 0, 393941, 0, 0, 0, 0, 0, 0, 0, 0, NULL),
(58612, 999, 6040, 6046, 4096, 65535, 0, 0, -3728.06, -4553.15, 4.74141, 2.79513, 86400, 0, 0, 393941, 0, 0, 0, 0, 0, 0, 0, 0, NULL),
(58612, 999, 6040, 6046, 4096, 65535, 0, 0, -3729.76, -4557.87, 4.74141, 2.79513, 86400, 0, 0, 393941, 0, 0, 0, 0, 0, 0, 0, 0, NULL),
(58612, 999, 6040, 6046, 4096, 65535, 0, 0, -3717.92, -4520.32, 25.8206, 3.74284, 86400, 0, 0, 393941, 0, 0, 0, 0, 0, 0, 0, 0, NULL),
(58612, 999, 6040, 6046, 4096, 65535, 0, 0, -3716.68, -4523.71, 25.8206, 3.62372, 86400, 0, 0, 393941, 0, 0, 0, 0, 0, 0, 0, 0, NULL),
(59596, 999, 6040, 6046, 4096, 65535, 0, 0, -3716.58, -4521.68, 25.8206, 3.62372, 86400, 0, 0, 393941, 0, 0, 0, 0, 0, 0, 0, 0, NULL),
(59596, 999, 6040, 6046, 4096, 65535, 0, 0, -3721.76, -4547.02, 25.8206, 0.446788, 86400, 0, 0, 393941, 0, 0, 0, 0, 0, 0, 0, 0, NULL),
(59596, 999, 6040, 6046, 4096, 65535, 0, 0, -3723.72, -4542.91, 25.8206, 0.446788, 86400, 0, 0, 393941, 0, 0, 0, 0, 0, 0, 0, 0, NULL),
(58840, 999, 6040, 6046, 4096, 65535, 0, 0, -3730.01, -4548.72, 27.1151, 0.431517, 86400, 0, 0, 15, 0, 0, 0, 0, 0, 0, 0, 0, NULL),
(58870, 999, 6040, 6047, 4096, 65535, 0, 0, -3795.8, -4771.69, 7.41204, 4.01772, 86400, 0, 0, 1, 0, 0, 0, 0, 0, 0, 0, 0, NULL);

REPLACE INTO `creature_template` (`entry`, `difficulty_entry_1`, `difficulty_entry_2`, `difficulty_entry_3`, `difficulty_entry_4`, `difficulty_entry_5`, `difficulty_entry_6`, `difficulty_entry_7`, `difficulty_entry_8`, `difficulty_entry_9`, `difficulty_entry_10`, `difficulty_entry_11`, `difficulty_entry_12`, `difficulty_entry_13`, `difficulty_entry_14`, `difficulty_entry_15`, `KillCredit1`, `KillCredit2`, `modelid1`, `modelid2`, `modelid3`, `modelid4`, `name`, `subname`, `IconName`, `gossip_menu_id`, `minlevel`, `maxlevel`, `exp`, `exp_unk`, `faction_A`, `faction_H`, `npcflag`, `npcflag2`, `speed_walk`, `speed_run`, `speed_fly`, `scale`, `rank`, `mindmg`, `maxdmg`, `dmgschool`, `attackpower`, `dmg_multiplier`, `baseattacktime`, `rangeattacktime`, `unit_class`, `unit_flags`, `unit_flags2`, `dynamicflags`, `family`, `trainer_type`, `trainer_spell`, `trainer_class`, `trainer_race`, `minrangedmg`, `maxrangedmg`, `rangedattackpower`, `type`, `type_flags`, `type_flags2`, `lootid`, `pickpocketloot`, `skinloot`, `resistance1`, `resistance2`, `resistance3`, `resistance4`, `resistance5`, `resistance6`, `spell1`, `spell2`, `spell3`, `spell4`, `spell5`, `spell6`, `spell7`, `spell8`, `PetSpellDataId`, `VehicleId`, `mingold`, `maxgold`, `AIName`, `MovementType`, `InhabitType`, `HoverHeight`, `Health_mod`, `Mana_mod`, `Mana_mod_extra`, `Armor_mod`, `RacialLeader`, `questItem1`, `questItem2`, `questItem3`, `questItem4`, `questItem5`, `questItem6`, `movementId`, `RegenHealth`, `equipment_id`, `mechanic_immune_mask`, `flags_extra`, `ScriptName`, `WDBVerified`) VALUES 
(58612, 0, 0, 0, 0, 0, 0, 0, 0, 0, 0, 0, 0, 0, 0, 0, 0, 0, 40220, 0, 0, 0, 'Theramore Footman', '', '', 0, 90, 90, 4, 0, 14, 14, 0, 0, 1, 1.14286, 1.14286, 1, 0, 450, 540, 0, 45, 1, 2000, 2000, 1, 0, 0, 0, 0, 0, 0, 0, 0, 450, 540, 45, 7, 0, 0, 58612, 58612, 0, 0, 0, 0, 0, 0, 0, 0, 0, 0, 0, 0, 0, 0, 0, 0, 0, 4065, 4065, '', 0, 3, 1, 1, 1, 1, 1, 0, 0, 0, 0, 0, 0, 0, 0, 1, 0, 0, 0, '', 16048),
(58665, 0, 0, 0, 0, 0, 0, 0, 0, 0, 0, 0, 0, 0, 0, 0, 0, 0, 40236, 0, 0, 0, 'Rig This Powder Barrel!', '', '', 0, 1, 1, 4, 0, 35, 35, 0, 0, 1, 1.14286, 1.14286, 1, 0, 1, 2, 0, 1, 1, 2000, 2000, 1, 0, 0, 0, 0, 0, 0, 0, 0, 1, 2, 1, 10, 0, 0, 0, 0, 0, 0, 0, 0, 0, 0, 0, 0, 0, 0, 0, 0, 0, 0, 0, 0, 0, 0, 0, '', 0, 3, 1, 1, 1, 1, 1, 0, 0, 0, 0, 0, 0, 0, 0, 1, 0, 0, 0, '', 16048),
(58777, 0, 0, 0, 0, 0, 0, 0, 0, 0, 0, 0, 0, 0, 0, 0, 0, 0, 40278, 0, 0, 0, 'Baldruc', 'Gryphon Master', '', 0, 91, 91, 4, 0, 14, 14, 0, 0, 1, 1.14286, 1.14286, 1, 1, 1, 2, 0, 1, 2, 2000, 2000, 1, 0, 0, 0, 0, 0, 0, 0, 0, 1, 2, 1, 7, 2149582920, 0, 0, 0, 0, 0, 0, 0, 0, 0, 0, 0, 0, 0, 0, 0, 0, 0, 0, 0, 0, 3608, 3608, '', 0, 3, 1, 10, 4, 1, 1, 0, 0, 0, 0, 0, 0, 0, 0, 1, 0, 0, 0, '', 16048),
(58782, 0, 0, 0, 0, 0, 0, 0, 0, 0, 0, 0, 0, 0, 0, 0, 0, 0, 45390, 0, 0, 0, 'Theramore Gryphon', '', '', 0, 90, 90, 4, 0, 14, 14, 0, 0, 1, 1.14286, 1.14286, 1, 0, 450, 540, 0, 45, 1, 2000, 2000, 1, 0, 0, 0, 0, 0, 0, 0, 0, 450, 540, 45, 1, 0, 0, 58782, 0, 58782, 0, 0, 0, 0, 0, 0, 0, 0, 0, 0, 0, 0, 0, 0, 0, 0, 4300, 4300, '', 0, 3, 1, 1, 1, 1, 1, 0, 0, 0, 0, 0, 0, 0, 0, 1, 0, 0, 0, '', 16048),
(58787, 0, 0, 0, 0, 0, 0, 0, 0, 0, 0, 0, 0, 0, 0, 0, 0, 0, 25341, 0, 0, 0, 'Big Bessa', 'Captain Stormwall\'s Tank', '', 0, 91, 91, 4, 0, 14, 14, 0, 0, 1, 1.14286, 1.14286, 1, 1, 1, 2, 0, 1, 2, 2000, 2000, 1, 0, 0, 0, 0, 0, 0, 0, 0, 1, 2, 1, 9, 2149613640, 0, 58787, 0, 58787, 0, 0, 0, 0, 0, 0, 0, 0, 0, 0, 0, 0, 0, 0, 0, 0, 3638, 3638, '', 0, 3, 1, 15, 1, 1, 1, 0, 0, 0, 0, 0, 0, 0, 866, 1, 0, 0, 0, '', 16048),
(58788, 0, 0, 0, 0, 0, 0, 0, 0, 0, 0, 0, 0, 0, 0, 0, 0, 0, 40288, 0, 0, 0, 'Unmanned Tank', '', '', 0, 90, 90, 4, 0, 35, 35, 0, 0, 1, 1.14286, 1.14286, 1, 0, 450, 540, 0, 45, 1, 2000, 2000, 1, 0, 0, 0, 0, 0, 0, 0, 0, 450, 540, 45, 9, 0, 0, 0, 0, 0, 0, 0, 0, 0, 0, 0, 0, 0, 0, 0, 0, 0, 0, 0, 0, 0, 0, 0, '', 0, 3, 1, 1, 1, 1, 1, 0, 0, 0, 0, 0, 0, 0, 0, 1, 0, 0, 0, '', 16048),
(58840, 0, 0, 0, 0, 0, 0, 0, 0, 0, 0, 0, 0, 0, 0, 0, 0, 0, 40312, 0, 0, 0, 'Hedric Evencane', 'Captain of the Guard', '', 0, 91, 91, 4, 0, 14, 14, 0, 0, 1, 1.14286, 1.14286, 1, 1, 1, 2, 0, 1, 2, 2000, 2000, 1, 0, 0, 0, 0, 0, 0, 0, 0, 1, 2, 1, 7, 2149580872, 0, 58840, 58840, 0, 0, 0, 0, 0, 0, 0, 0, 0, 0, 0, 0, 0, 0, 0, 0, 0, 4367, 4367, '', 0, 3, 1, 15, 1, 1, 1, 0, 0, 0, 0, 0, 0, 0, 0, 1, 0, 0, 0, '', 16048),
(58912, 0, 0, 0, 0, 0, 0, 0, 0, 0, 0, 0, 0, 0, 0, 0, 0, 0, 40220, 0, 0, 0, 'Slaughtered Footman', '', '', 0, 90, 90, 4, 0, 14, 14, 0, 0, 1, 1.14286, 1.14286, 1, 0, 450, 540, 0, 45, 1, 2000, 2000, 1, 0, 0, 0, 0, 0, 0, 0, 0, 450, 540, 45, 7, 0, 0, 0, 0, 0, 0, 0, 0, 0, 0, 0, 0, 0, 0, 0, 0, 0, 0, 0, 0, 0, 0, 0, '', 0, 3, 1, 1, 1, 1, 1, 0, 0, 0, 0, 0, 0, 0, 0, 1, 0, 0, 0, '', 16048),
(58913, 0, 0, 0, 0, 0, 0, 0, 0, 0, 0, 0, 0, 0, 0, 0, 0, 0, 40325, 0, 0, 0, 'Theramore Officer', '', '', 0, 90, 90, 4, 0, 14, 14, 0, 0, 1, 1.14286, 1.14286, 1, 1, 1, 2, 0, 1, 2, 2000, 2000, 1, 0, 0, 0, 0, 0, 0, 0, 0, 1, 2, 1, 7, 0, 0, 0, 0, 0, 0, 0, 0, 0, 0, 0, 0, 0, 0, 0, 0, 0, 0, 0, 0, 0, 5689, 5689, '', 0, 3, 1, 3, 1, 1, 1, 0, 0, 0, 0, 0, 0, 0, 0, 1, 0, 0, 0, '', 16048),
(58929, 0, 0, 0, 0, 0, 0, 0, 0, 0, 0, 0, 0, 0, 0, 0, 0, 0, 40341, 0, 0, 0, '7th Fleet Marine', '', '', 0, 90, 90, 4, 0, 14, 14, 0, 0, 1, 1.14286, 1.14286, 1, 0, 1, 2, 0, 1, 1, 2000, 2000, 1, 0, 0, 0, 0, 0, 0, 0, 0, 1, 2, 1, 7, 0, 0, 0, 58929, 0, 0, 0, 0, 0, 0, 0, 0, 0, 0, 0, 0, 0, 0, 0, 0, 0, 0, 0, '', 0, 3, 1, 1, 1, 1, 1, 0, 0, 0, 0, 0, 0, 0, 0, 1, 0, 0, 0, '', 16048),
(58934, 0, 0, 0, 0, 0, 0, 0, 0, 0, 0, 0, 0, 0, 0, 0, 0, 0, 40342, 40343, 40344, 40345, '7th Fleet Sailor', '', '', 0, 90, 90, 4, 0, 14, 14, 0, 0, 1, 1.14286, 1.14286, 1, 6, 1, 2, 0, 1, 1, 2000, 2000, 1, 0, 0, 0, 0, 0, 0, 0, 0, 1, 2, 1, 7, 0, 0, 0, 58934, 0, 0, 0, 0, 0, 0, 0, 0, 0, 0, 0, 0, 0, 0, 0, 0, 0, 0, 0, '', 0, 3, 1, 0.3, 0.3, 1, 1, 0, 0, 0, 0, 0, 0, 0, 0, 1, 0, 0, 0, '', 16048),
(58936, 0, 0, 0, 0, 0, 0, 0, 0, 0, 0, 0, 0, 0, 0, 0, 0, 0, 40346, 0, 0, 0, 'Lieutenant Granders', '', '', 0, 90, 90, 4, 0, 14, 14, 0, 0, 1, 1.14286, 1.14286, 1, 1, 1, 2, 0, 1, 2, 2000, 2000, 1, 0, 0, 0, 0, 0, 0, 0, 0, 1, 2, 1, 7, 2097224, 0, 0, 0, 0, 0, 0, 0, 0, 0, 0, 0, 0, 0, 0, 0, 0, 0, 0, 0, 0, 3193, 3193, '', 0, 3, 1, 5, 1, 1, 1, 0, 0, 0, 0, 0, 0, 0, 0, 1, 0, 0, 0, '', 16048),
(58939, 0, 0, 0, 0, 0, 0, 0, 0, 0, 0, 0, 0, 0, 0, 0, 0, 0, 40349, 40350, 0, 0, '7th Fleet Squallshaper', '', '', 0, 90, 90, 4, 0, 14, 14, 0, 0, 1, 1.14286, 1.14286, 1, 0, 1, 2, 0, 1, 1, 2000, 2000, 1, 0, 0, 0, 0, 0, 0, 0, 0, 1, 2, 1, 7, 0, 0, 0, 0, 0, 0, 0, 0, 0, 0, 0, 0, 0, 0, 0, 0, 0, 0, 0, 0, 0, 0, 0, '', 0, 3, 1, 1, 2, 1, 1, 0, 0, 0, 0, 0, 0, 0, 0, 1, 0, 0, 0, '', 16048),
(58948, 0, 0, 0, 0, 0, 0, 0, 0, 0, 0, 0, 0, 0, 0, 0, 0, 0, 40352, 0, 0, 0, 'Squallshaper Lanara', 'Storm Maven', '', 0, 90, 90, 4, 0, 14, 14, 0, 0, 1, 1.14286, 1.14286, 1, 1, 1, 2, 0, 1, 2, 2000, 2000, 1, 0, 0, 0, 0, 0, 0, 0, 0, 1, 2, 1, 7, 2097224, 0, 58948, 0, 0, 0, 0, 0, 0, 0, 0, 0, 0, 0, 0, 0, 0, 0, 0, 0, 0, 3265, 3265, '', 0, 3, 1, 5, 6, 1, 1, 0, 0, 0, 0, 0, 0, 0, 0, 1, 0, 0, 0, '', 16048),
(59086, 0, 0, 0, 0, 0, 0, 0, 0, 0, 0, 0, 0, 0, 0, 0, 0, 0, 40586, 0, 0, 0, '"Mad" Morden Morgrensen', 'Chief Engineer', '', 0, 1, 1, 4, 0, 14, 14, 0, 0, 1, 1.14286, 1.14286, 1, 1, 1, 2, 0, 1, 2, 2000, 2000, 1, 0, 0, 0, 0, 0, 0, 0, 0, 1, 2, 1, 7, 2097224, 0, 59086, 0, 0, 0, 0, 0, 0, 0, 0, 131838, 114443, 0, 0, 0, 0, 0, 0, 0, 0, 3201, 3201, '', 0, 3, 1, 6, 1, 1, 1, 0, 0, 0, 0, 0, 0, 0, 0, 1, 0, 0, 0, '', 16048),
(59087, 0, 0, 0, 0, 0, 0, 0, 0, 0, 0, 0, 0, 0, 0, 0, 0, 0, 40587, 0, 0, 0, 'Captain Brellinger', '', '', 0, 90, 90, 4, 0, 14, 14, 0, 0, 1, 1.14286, 1.14286, 1, 1, 1, 2, 0, 1, 2, 2000, 2000, 1, 0, 0, 0, 0, 0, 0, 0, 0, 1, 2, 1, 7, 2097224, 0, 59087, 0, 0, 0, 0, 0, 0, 0, 0, 114456, 15284, 0, 0, 0, 0, 0, 0, 0, 0, 3110, 3110, '', 0, 3, 1, 6, 1, 1, 1, 0, 0, 0, 0, 0, 0, 0, 0, 1, 0, 0, 0, '', 16048),
(59088, 0, 0, 0, 0, 0, 0, 0, 0, 0, 0, 0, 0, 0, 0, 0, 0, 0, 40588, 0, 0, 0, 'Captain Tellern', '', '', 0, 90, 90, 4, 0, 14, 14, 0, 0, 1, 1.14286, 1.14286, 1, 1, 1, 2, 0, 1, 2, 2000, 2000, 1, 0, 0, 0, 0, 0, 0, 0, 0, 1, 2, 1, 7, 2097224, 0, 59088, 0, 0, 0, 0, 0, 0, 0, 0, 15496, 114449, 15577, 0, 0, 0, 0, 0, 0, 0, 3277, 3277, '', 0, 3, 1, 6, 1, 1, 1, 0, 0, 0, 0, 0, 0, 0, 0, 1, 0, 0, 0, '', 16048),
(59089, 0, 0, 0, 0, 0, 0, 0, 0, 0, 0, 0, 0, 0, 0, 0, 0, 0, 40589, 0, 0, 0, 'Captain Dashing', '', '', 0, 90, 90, 4, 0, 14, 14, 0, 0, 1, 1.14286, 1.14286, 1, 1, 1, 2, 0, 1, 2, 2000, 2000, 1, 0, 0, 0, 0, 0, 0, 0, 0, 1, 2, 1, 7, 2097224, 0, 59089, 59089, 0, 0, 0, 0, 0, 0, 0, 15496, 114480, 0, 0, 0, 0, 0, 0, 0, 0, 3169, 3169, '', 0, 3, 1, 6, 1, 1, 1, 0, 0, 0, 0, 0, 0, 0, 0, 1, 0, 0, 0, '', 16048),
(59317, 0, 0, 0, 0, 0, 0, 0, 0, 0, 0, 0, 0, 0, 0, 0, 0, 0, 40682, 40683, 40684, 40685, 'Theramore Marksman', '', '', 0, 90, 90, 4, 0, 14, 14, 0, 0, 1, 1.14286, 1.14286, 1, 0, 450, 540, 0, 45, 1, 2000, 2000, 1, 0, 0, 0, 0, 0, 0, 0, 0, 450, 540, 45, 7, 0, 0, 0, 0, 0, 0, 0, 0, 0, 0, 0, 15620, 0, 0, 0, 0, 0, 0, 0, 0, 0, 5700, 5700, '', 0, 3, 1, 1, 1, 1, 1, 0, 0, 0, 0, 0, 0, 0, 0, 1, 0, 0, 0, '', 16048),
(59595, 0, 0, 0, 0, 0, 0, 0, 0, 0, 0, 0, 0, 0, 0, 0, 0, 0, 40899, 40900, 0, 0, 'Theramore Faithful', '', '', 0, 90, 90, 4, 0, 14, 14, 0, 0, 1, 1.14286, 1.14286, 1, 0, 450, 540, 0, 45, 1, 2000, 2000, 1, 0, 0, 0, 0, 0, 0, 0, 0, 450, 540, 45, 7, 0, 0, 0, 59595, 0, 0, 0, 0, 0, 0, 0, 22883, 25054, 17139, 0, 0, 0, 0, 0, 0, 0, 4716, 4716, '', 0, 3, 1, 1, 2, 1, 1, 0, 0, 0, 0, 0, 0, 0, 0, 1, 0, 0, 0, '', 16048),
(59596, 0, 0, 0, 0, 0, 0, 0, 0, 0, 0, 0, 0, 0, 0, 0, 0, 0, 40901, 40902, 0, 0, 'Theramore Arcanist', '', '', 0, 90, 90, 4, 0, 14, 14, 0, 0, 1, 1.14286, 1.14286, 1, 0, 450, 540, 0, 45, 1, 2000, 2000, 1, 0, 0, 0, 0, 0, 0, 0, 0, 450, 540, 45, 7, 0, 0, 59596, 59596, 0, 0, 0, 0, 0, 0, 0, 114683, 36032, 33860, 47791, 22273, 50182, 21655, 13323, 0, 0, 4036, 4036, '', 0, 3, 1, 1, 2, 1, 1, 0, 0, 0, 0, 0, 0, 0, 0, 1, 0, 0, 0, '', 16048),
(59654, 0, 0, 0, 0, 0, 0, 0, 0, 0, 0, 0, 0, 0, 0, 0, 0, 0, 40925, 0, 0, 0, 'Knight of Theramore', '', '', 0, 90, 90, 4, 0, 14, 14, 0, 0, 1, 1.14286, 1.14286, 1, 1, 1, 2, 0, 1, 2, 2000, 2000, 1, 0, 0, 0, 0, 0, 0, 0, 0, 1, 2, 1, 7, 2048, 0, 59654, 59654, 0, 0, 0, 0, 0, 0, 0, 22911, 33910, 0, 0, 0, 0, 0, 0, 0, 0, 3821, 3821, '', 0, 3, 1, 3, 3, 1, 1, 0, 0, 0, 0, 0, 0, 0, 0, 1, 0, 0, 0, '', 16048);


UPDATE `creature_template` SET `AIName`='', `ScriptName`='npc_theramores_fall_captain_tellern' WHERE `entry`=59088;
UPDATE `creature_template` SET `AIName`='', `ScriptName`='npc_theramores_fall_rig_this_powder_barrel' WHERE `entry`=58665;
UPDATE `creature_template` SET `AIName`='', `ScriptName`='npc_theramores_fall_mad_morgen_morgensen' WHERE `entry`=59086;
UPDATE `creature_template` SET `AIName`='', `ScriptName`='npc_theramores_fall_lieutenant_granders' WHERE `entry`=58936;
UPDATE `creature_template` SET `AIName`='', `ScriptName`='npc_theramores_fall_squallshaper_linara' WHERE `entry`=58948;
UPDATE `creature_template` SET `AIName`='', `ScriptName`='npc_theramores_fall_captain_brellinger' WHERE `entry`=59087;
UPDATE `creature_template` SET `AIName`='', `ScriptName`='npc_theramores_fall_captain_dashing' WHERE `entry`=59089;
UPDATE `creature_template` SET `AIName`='', `ScriptName`='npc_theramores_fall_blastmaster_blackfuse' WHERE `entry`=58765;
UPDATE `creature_template` SET `AIName`='', `ScriptName`='npc_theramores_fall_baldruc' WHERE `entry`=58777;
UPDATE `creature_template` SET `AIName`='', `ScriptName`='npc_theramores_fall_theramore_gryphon' WHERE `entry`=58782;
UPDATE `creature_template` SET `AIName`='', `ScriptName`='npc_theramores_fall_thalen_songweaver' WHERE `entry`=58816;
UPDATE `creature_template` SET `AIName`='', `ScriptName`='npc_theramores_fall_big_bessa' WHERE `entry`=58787;
UPDATE `creature_template` SET `AIName`='', `ScriptName`='npc_theramores_fall_unmanned_tank' WHERE `entry`=58788;
UPDATE `creature_template` SET `AIName`='', `ScriptName`='npc_theramores_fall_hedric_evencane' WHERE `entry`=58840;
    
    