DELETE FROM `creature` WHERE `map`=1004;
INSERT INTO `creature` (`id`, `map`, `zoneId`, `areaId`, `spawnMask`, `phaseMask`, `modelid`, `equipment_id`, `position_x`, `position_y`, `position_z`, `orientation`, `spawntimesecs`, `spawndist`, `currentwaypoint`, `curhealth`, `curmana`, `MovementType`, `npcflag`, `npcflag2`, `unit_flags`, `unit_flags2`, `dynamicflags`, `isActive`, `protec_anti_doublet`) VALUES 
(59789, 1004, 6109, 6384, 6, 1, 0, 0, 1124.39, 686.049, 1.29662, 4.64781, 300, 0, 0, 13, 0, 0, 0, 0, 0, 0, 0, 0, NULL),
(59223, 1004, 6109, 6386, 6, 1, 0, 0, 854.76, 603.479, 9.98994, 5.64352, 300, 0, 0, 13, 0, 0, 0, 0, 0, 0, 0, 0, NULL),
(3977, 1004, 6109, 6109, 6, 1, 0, 1180, 700.638, 605.73, 11.5091, 0.0226804, 300, 0, 0, 19616, 6415, 0, 0, 0, 0, 0, 0, 0, NULL),
(60040, 1004, 6109, 6109, 6, 65535, 0, 0, 749.127, 605.616, 15.0272, 0.010465, 300, 0, 0, 6, 0, 0, 0, 0, 0, 0, 0, 0, NULL),
(59722, 1004, 6109, 6384, 6, 65535, 0, 0, 1110.72, 547.968, 0.11308, 4.98597, 300, 0, 0, 2, 0, 0, 0, 0, 0, 0, 0, 0, NULL),
(59722, 1004, 6109, 6384, 6, 65535, 0, 0, 1124.31, 572.287, 0.943101, 4.66133, 300, 0, 0, 3018, 0, 0, 0, 0, 0, 0, 0, 0, NULL),
(60033, 1004, 6109, 6384, 6, 65535, 0, 0, 1090.83, 671.468, 0.439944, 1.25358, 300, 0, 0, 1, 0, 0, 0, 0, 0, 0, 0, 0, NULL),
(60033, 1004, 6109, 6384, 6, 65535, 0, 0, 1087.52, 684.053, 0.885606, 1.59872, 300, 0, 0, 1, 0, 0, 0, 0, 0, 0, 0, 0, NULL),
(60033, 1004, 6109, 6384, 6, 65535, 0, 0, 1077.08, 679.918, 1.09584, 3.29692, 300, 0, 0, 1, 0, 0, 0, 0, 0, 0, 0, 0, NULL),
(60033, 1004, 6109, 6384, 6, 65535, 0, 0, 1074.76, 671.902, 1.42676, 6.00917, 300, 0, 0, 1, 0, 0, 0, 0, 0, 0, 0, 0, NULL),
(60033, 1004, 6109, 6384, 6, 65535, 0, 0, 1095.74, 668.589, 0.515143, 6.00917, 300, 0, 0, 1, 0, 0, 0, 0, 0, 0, 0, 0, NULL),
(60033, 1004, 6109, 6384, 6, 65535, 0, 0, 1099.92, 674.485, 0.713399, 6.00917, 300, 0, 0, 1, 0, 0, 0, 0, 0, 0, 0, 0, NULL),
(60033, 1004, 6109, 6384, 6, 65535, 0, 0, 1150.92, 673.345, 0.920265, 0.0287963, 300, 0, 0, 1, 0, 0, 0, 0, 0, 0, 0, 0, NULL),
(60033, 1004, 6109, 6384, 6, 65535, 0, 0, 1157.33, 679.868, 0.708765, 0.0287963, 300, 0, 0, 1, 0, 0, 0, 0, 0, 0, 0, 0, NULL),
(60033, 1004, 6109, 6384, 6, 65535, 0, 0, 1167.45, 683.52, 1.0903, 0.0287963, 300, 0, 0, 1, 0, 0, 0, 0, 0, 0, 0, 0, NULL),
(60033, 1004, 6109, 6384, 6, 65535, 0, 0, 1174.79, 683.731, 1.21866, 0.0287963, 300, 0, 0, 1, 0, 0, 0, 0, 0, 0, 0, 0, NULL),
(60033, 1004, 6109, 6384, 6, 65535, 0, 0, 1178.05, 676.146, 0.871606, 5.11774, 300, 0, 0, 1, 0, 0, 0, 0, 0, 0, 0, 0, NULL),
(60033, 1004, 6109, 6384, 6, 65535, 0, 0, 1170.17, 670.554, 1.77936, 3.54171, 300, 0, 0, 1, 0, 0, 0, 0, 0, 0, 0, 0, NULL),
(60033, 1004, 6109, 6384, 6, 65535, 0, 0, 1160.18, 671.33, 1.79216, 3.54171, 300, 0, 0, 1, 0, 0, 0, 0, 0, 0, 0, 0, NULL),
(58555, 1004, 6109, 6386, 6, 65535, 0, 0, 1034.14, 599.249, 0.345013, 1.6297, 300, 0, 0, 3, 0, 0, 0, 0, 0, 0, 0, 0, NULL),
(58569, 1004, 6109, 6386, 6, 65535, 0, 0, 1031.15, 597.263, 0.345013, 1.58388, 300, 0, 0, 4, 0, 0, 0, 0, 0, 0, 0, 0, NULL),
(58590, 1004, 6109, 6386, 6, 65535, 0, 0, 1037.13, 597.341, 0.345013, 1.58388, 300, 0, 0, 3, 0, 0, 0, 0, 0, 0, 0, 0, NULL),
(64446, 1004, 6109, 6386, 6, 65535, 0, 0, 892.459, 562.373, 10.1218, 1.55377, 300, 0, 0, 0, 0, 0, 0, 0, 0, 0, 0, 0, NULL),
(60197, 1004, 6109, 6386, 6, 65535, 0, 0, 984.211, 594.653, 0.684272, 0.200708, 300, 0, 0, 0, 0, 0, 0, 0, 0, 0, 0, 0, NULL),
(58605, 1004, 6109, 6386, 6, 65535, 0, 0, 988.844, 617.097, 0.684258, 3.13592, 300, 0, 0, 3, 0, 0, 0, 0, 0, 0, 0, 0, NULL),
(58605, 1004, 6109, 6386, 6, 65535, 0, 0, 987.072, 613.379, 0.684258, 3.13592, 300, 0, 0, 3, 0, 0, 0, 0, 0, 0, 0, 0, NULL),
(58569, 1004, 6109, 6386, 6, 65535, 0, 0, 989.361, 591.626, 0.684258, 2.9832, 300, 0, 0, 4, 0, 0, 0, 0, 0, 0, 0, 0, NULL),
(58569, 1004, 6109, 6386, 6, 65535, 0, 0, 987.723, 596.566, 0.684258, 2.9832, 300, 0, 0, 4, 0, 0, 0, 0, 0, 0, 0, 0, NULL),
(58569, 1004, 6109, 6386, 6, 65535, 0, 0, 995.264, 583.385, 0.981075, 5.76307, 300, 0, 0, 4, 0, 0, 0, 0, 0, 0, 0, 0, NULL),
(58590, 1004, 6109, 6386, 6, 65535, 0, 0, 993.472, 580.257, 1.07784, 5.76307, 300, 0, 0, 3, 0, 0, 0, 0, 0, 0, 0, 0, NULL),
(58555, 1004, 6109, 6386, 6, 65535, 0, 0, 997.032, 582.353, 1.04998, 5.76307, 300, 0, 0, 3, 0, 0, 0, 0, 0, 0, 0, 0, NULL),
(58569, 1004, 6109, 6386, 6, 65535, 0, 0, 1012.61, 568.255, 1.1249, 1.54767, 300, 0, 0, 4, 0, 0, 0, 0, 0, 0, 0, 0, NULL),
(58569, 1004, 6109, 6386, 6, 65535, 0, 0, 973.64, 567.37, 1.16351, 0.0327215, 300, 0, 0, 4, 0, 0, 0, 0, 0, 0, 0, 0, NULL),
(58590, 1004, 6109, 6386, 6, 65535, 0, 0, 973.712, 565.171, 1.15938, 0.0327215, 300, 0, 0, 3, 0, 0, 0, 0, 0, 0, 0, 0, NULL),
(58555, 1004, 6109, 6386, 6, 65535, 0, 0, 973.555, 569.964, 1.16487, 0.0327215, 300, 0, 0, 3, 0, 0, 0, 0, 0, 0, 0, 0, NULL),
(58555, 1004, 6109, 6386, 6, 65535, 0, 0, 938.845, 585.661, 1.16052, 6.09294, 300, 0, 0, 3, 0, 0, 0, 0, 0, 0, 0, 0, NULL),
(58569, 1004, 6109, 6386, 6, 65535, 0, 0, 940.947, 582.511, 1.16052, 6.09294, 300, 0, 0, 4, 0, 0, 0, 0, 0, 0, 0, 0, NULL),
(58605, 1004, 6109, 6386, 6, 65535, 0, 0, 941.903, 587.477, 0.987288, 6.09294, 300, 0, 0, 3, 0, 0, 0, 0, 0, 0, 0, 0, NULL),
(58590, 1004, 6109, 6386, 6, 65535, 0, 0, 944.017, 584.016, 0.697366, 6.09294, 300, 0, 0, 3, 0, 0, 0, 0, 0, 0, 0, 0, NULL),
(64446, 1004, 6109, 6386, 6, 65535, 0, 0, 895.973, 562.106, 10.3492, 1.55377, 300, 0, 0, 0, 0, 0, 0, 0, 0, 0, 0, 0, NULL),
(64446, 1004, 6109, 6386, 6, 65535, 0, 0, 900.347, 562.032, 10.5011, 1.55377, 300, 0, 0, 0, 0, 0, 0, 0, 0, 0, 0, 0, NULL),
(58555, 1004, 6109, 6386, 6, 65535, 0, 0, 899.945, 563.859, 10.3852, 4.66657, 300, 0, 0, 3, 0, 0, 0, 0, 0, 0, 0, 0, NULL),
(58555, 1004, 6109, 6386, 6, 65535, 0, 0, 895.872, 564.045, 10.2396, 4.66657, 300, 0, 0, 3, 0, 0, 0, 0, 0, 0, 0, 0, NULL),
(58555, 1004, 6109, 6386, 6, 65535, 0, 0, 892.131, 564.217, 10.054, 4.66657, 300, 0, 0, 3, 0, 0, 0, 0, 0, 0, 0, 0, NULL),
(58555, 1004, 6109, 6386, 6, 65535, 0, 0, 912.124, 549.927, 11.6286, 1.31859, 300, 0, 0, 3, 0, 0, 0, 0, 0, 0, 0, 0, NULL),
(58555, 1004, 6109, 6386, 6, 65535, 0, 0, 917.903, 548.438, 11.6286, 1.31859, 300, 0, 0, 3, 0, 0, 0, 0, 0, 0, 0, 0, NULL),
(58590, 1004, 6109, 6386, 6, 65535, 0, 0, 916.727, 551.637, 11.6367, 1.87448, 300, 0, 0, 3, 0, 0, 0, 0, 0, 0, 0, 0, NULL),
(58555, 1004, 6109, 6386, 6, 65535, 0, 0, 854.128, 579.332, 9.98924, 1.58432, 300, 0, 0, 3, 0, 0, 0, 0, 0, 0, 0, 0, NULL),
(58555, 1004, 6109, 6386, 6, 65535, 0, 0, 857.278, 579.375, 9.98924, 1.58432, 300, 0, 0, 3, 0, 0, 0, 0, 0, 0, 0, 0, NULL),
(58555, 1004, 6109, 6386, 6, 65535, 0, 0, 860.725, 579.421, 10.0871, 1.58432, 300, 0, 0, 3, 0, 0, 0, 0, 0, 0, 0, 0, NULL),
(58555, 1004, 6109, 6386, 6, 65535, 0, 0, 854.27, 629.349, 9.98967, 4.72111, 300, 0, 0, 3, 0, 0, 0, 0, 0, 0, 0, 0, NULL),
(58555, 1004, 6109, 6386, 6, 65535, 0, 0, 856.318, 629.367, 9.98967, 4.72111, 300, 0, 0, 3, 0, 0, 0, 0, 0, 0, 0, 0, NULL),
(58555, 1004, 6109, 6386, 6, 65535, 0, 0, 858.943, 629.39, 9.99568, 4.72111, 300, 0, 0, 3, 0, 0, 0, 0, 0, 0, 0, 0, NULL),
(58555, 1004, 6109, 6386, 6, 65535, 0, 0, 890.862, 633.045, 11.3382, 5.34419, 300, 0, 0, 3, 0, 0, 0, 0, 0, 0, 0, 0, NULL),
(58555, 1004, 6109, 6386, 6, 65535, 0, 0, 887.855, 630.843, 11.3382, 5.34419, 300, 0, 0, 3, 0, 0, 0, 0, 0, 0, 0, 0, NULL),
(58555, 1004, 6109, 6386, 6, 65535, 0, 0, 884.592, 628.456, 11.1995, 5.34419, 300, 0, 0, 3, 0, 0, 0, 0, 0, 0, 0, 0, NULL),
(58555, 1004, 6109, 6386, 6, 65535, 0, 0, 916.013, 663.044, 11.6332, 4.78219, 300, 0, 0, 3, 0, 0, 0, 0, 0, 0, 0, 0, NULL),
(58555, 1004, 6109, 6386, 6, 65535, 0, 0, 912.77, 660.256, 11.6369, 4.78219, 300, 0, 0, 3, 0, 0, 0, 0, 0, 0, 0, 0, NULL),
(58590, 1004, 6109, 6386, 6, 65535, 0, 0, 918.548, 660.66, 11.6369, 4.78219, 300, 0, 0, 3, 0, 0, 0, 0, 0, 0, 0, 0, NULL),
(58590, 1004, 6109, 6386, 6, 65535, 0, 0, 939.631, 624.001, 1.16061, 6.27925, 300, 0, 0, 3, 0, 0, 0, 0, 0, 0, 0, 0, NULL),
(58555, 1004, 6109, 6386, 6, 65535, 0, 0, 936.539, 626.288, 1.16061, 6.27925, 300, 0, 0, 3, 0, 0, 0, 0, 0, 0, 0, 0, NULL),
(58605, 1004, 6109, 6386, 6, 65535, 0, 0, 937.437, 621.201, 1.16061, 0.344257, 300, 0, 0, 3, 0, 0, 0, 0, 0, 0, 0, 0, NULL),
(58569, 1004, 6109, 6386, 6, 65535, 0, 0, 941.261, 626.976, 1.09963, 0.344257, 300, 0, 0, 4, 0, 0, 0, 0, 0, 0, 0, 0, NULL),
(58569, 1004, 6109, 6386, 6, 65535, 0, 0, 970.511, 643.675, 1.16282, 0.0663129, 300, 0, 0, 4, 0, 0, 0, 0, 0, 0, 0, 0, NULL),
(58555, 1004, 6109, 6386, 6, 65535, 0, 0, 970.693, 640.934, 1.16282, 0.0663129, 300, 0, 0, 3, 0, 0, 0, 0, 0, 0, 0, 0, NULL),
(58590, 1004, 6109, 6386, 6, 65535, 0, 0, 970.327, 646.434, 1.15319, 0.0663129, 300, 0, 0, 3, 0, 0, 0, 0, 0, 0, 0, 0, NULL),
(58590, 1004, 6109, 6386, 6, 65535, 0, 0, 995.185, 629.641, 0.724053, 0.567218, 300, 0, 0, 3, 0, 0, 0, 0, 0, 0, 0, 0, NULL),
(58555, 1004, 6109, 6386, 6, 65535, 0, 0, 997.009, 626.777, 0.672852, 0.567218, 300, 0, 0, 3, 0, 0, 0, 0, 0, 0, 0, 0, NULL),
(58569, 1004, 6109, 6386, 6, 65535, 0, 0, 993.648, 626.935, 0.662912, 0.567218, 300, 0, 0, 4, 0, 0, 0, 0, 0, 0, 0, 0, NULL),
(58555, 1004, 6109, 6386, 6, 65535, 0, 0, 1012.83, 643.177, 1.11917, 4.67267, 300, 0, 0, 3, 0, 0, 0, 0, 0, 0, 0, 0, NULL),
(59706, 1004, 6109, 6384, 6, 65535, 0, 0, 1128.38, 570.635, 0.930094, 1.52453, 300, 0, 0, 1, 0, 0, 0, 0, 0, 0, 0, 0, NULL),
(59706, 1004, 6109, 6384, 6, 65535, 0, 0, 1110.26, 551.89, 0.0712149, 3.82444, 300, 0, 0, 1, 0, 0, 0, 0, 0, 0, 0, 0, NULL),
(59746, 1004, 6109, 6384, 6, 65535, 0, 0, 1119.94, 558.005, 0.857649, 4.91353, 300, 0, 0, 3, 0, 0, 0, 0, 0, 0, 0, 0, NULL),
(59746, 1004, 6109, 6384, 6, 65535, 0, 0, 1125.1, 597.04, 1.08144, 4.66918, 300, 0, 0, 3, 0, 0, 0, 0, 0, 0, 0, 0, NULL),
(59746, 1004, 6109, 6384, 6, 65535, 0, 0, 1134.56, 625.394, 1.38556, 4.52257, 300, 0, 0, 3, 0, 0, 0, 0, 0, 0, 0, 0, NULL),
(59705, 1004, 6109, 6384, 6, 65535, 0, 0, 1127.78, 600.23, 1.09997, 4.8677, 300, 0, 0, 3, 0, 0, 0, 0, 0, 0, 0, 0, NULL),
(59705, 1004, 6109, 6384, 6, 65535, 0, 0, 1116.43, 558.216, 0.247751, 4.80051, 300, 0, 0, 3, 0, 0, 0, 0, 0, 0, 0, 0, NULL);

UPDATE `creature` SET `spawnmask`=6 WHERE `map`=1004;
UPDATE `creature` SET `spawntimesecs`=7200 WHERE `map`=1004 AND `id` NOT IN
(59789, 59223, 3977, 60040);
UPDATE `creature` SET `spawntimesecs`=86400 WHERE `map`=1004 AND `id` IN
(59789, 59223, 3977, 60040);

REPLACE INTO `lfg_entrances` (`dungeonId`, `name`, `position_x`, `position_y`, `position_z`, `orientation`) VALUES 
(164, 'Scarlet Monastery', 1124.77, 521.32, 1.5, 1.6),
(474, 'Scarlet Monastery', 1124.77, 521.32, 1.5, 1.6);

UPDATE `creature_classlevelstats` SET `basehp4`=2326 WHERE `level`=34 AND `class`=1;
UPDATE `creature_classlevelstats` SET `basehp4`=1934 WHERE `level`=34 AND `class`=2;
UPDATE `creature_classlevelstats` SET `basehp4`=2326 WHERE `level`=34 AND `class`=4;
UPDATE `creature_classlevelstats` SET `basehp4`=1734 WHERE `level`=34 AND `class`=8;
UPDATE `creature_classlevelstats` SET `basehp4`=2114 WHERE `level`=32 AND `class`=1;
UPDATE `creature_classlevelstats` SET `basehp4`=1776 WHERE `level`=32 AND `class`=2;
UPDATE `creature_classlevelstats` SET `basehp4`=2114 WHERE `level`=32 AND `class`=4;
UPDATE `creature_classlevelstats` SET `basehp4`=1604 WHERE `level`=32 AND `class`=8;
UPDATE `creature_classlevelstats` SET `basehp4`=2012 WHERE `level`=31 AND `class`=1;
UPDATE `creature_classlevelstats` SET `basehp4`=1700 WHERE `level`=31 AND `class`=2;
UPDATE `creature_classlevelstats` SET `basehp4`=2012 WHERE `level`=31 AND `class`=4;
UPDATE `creature_classlevelstats` SET `basehp4`=1540 WHERE `level`=31 AND `class`=8;
UPDATE `creature_classlevelstats` SET `basehp4`=2220 WHERE `level`=33 AND `class`=1;
UPDATE `creature_classlevelstats` SET `basehp4`=1856 WHERE `level`=33 AND `class`=2;
UPDATE `creature_classlevelstats` SET `basehp4`=2220 WHERE `level`=33 AND `class`=4;
UPDATE `creature_classlevelstats` SET `basehp4`=1670 WHERE `level`=33 AND `class`=8;

REPLACE INTO `creature_template` (`entry`, `difficulty_entry_1`, `difficulty_entry_2`, `difficulty_entry_3`, `difficulty_entry_4`, `difficulty_entry_5`, `difficulty_entry_6`, `difficulty_entry_7`, `difficulty_entry_8`, `difficulty_entry_9`, `difficulty_entry_10`, `difficulty_entry_11`, `difficulty_entry_12`, `difficulty_entry_13`, `difficulty_entry_14`, `difficulty_entry_15`, `KillCredit1`, `KillCredit2`, `modelid1`, `modelid2`, `modelid3`, `modelid4`, `name`, `subname`, `IconName`, `gossip_menu_id`, `minlevel`, `maxlevel`, `exp`, `exp_unk`, `faction_A`, `faction_H`, `npcflag`, `npcflag2`, `speed_walk`, `speed_run`, `speed_fly`, `scale`, `rank`, `mindmg`, `maxdmg`, `dmgschool`, `attackpower`, `dmg_multiplier`, `baseattacktime`, `rangeattacktime`, `unit_class`, `unit_flags`, `unit_flags2`, `dynamicflags`, `family`, `trainer_type`, `trainer_spell`, `trainer_class`, `trainer_race`, `minrangedmg`, `maxrangedmg`, `rangedattackpower`, `type`, `type_flags`, `type_flags2`, `lootid`, `pickpocketloot`, `skinloot`, `resistance1`, `resistance2`, `resistance3`, `resistance4`, `resistance5`, `resistance6`, `spell1`, `spell2`, `spell3`, `spell4`, `spell5`, `spell6`, `spell7`, `spell8`, `PetSpellDataId`, `VehicleId`, `mingold`, `maxgold`, `AIName`, `MovementType`, `InhabitType`, `HoverHeight`, `Health_mod`, `Mana_mod`, `Mana_mod_extra`, `Armor_mod`, `RacialLeader`, `questItem1`, `questItem2`, `questItem3`, `questItem4`, `questItem5`, `questItem6`, `movementId`, `RegenHealth`, `equipment_id`, `mechanic_immune_mask`, `flags_extra`, `ScriptName`, `WDBVerified`) VALUES 
(59789, 0, 597891, 0, 0, 0, 0, 0, 0, 0, 0, 0, 0, 0, 0, 0, 0, 0, 27705, 0, 0, 0, 'Thalnos the Soulrender', '', '', 0, 33, 33, 4, 0, 14, 14, 0, 0, 1, 1.14286, 1.14286, 1, 1, 150, 200, 0, 1, 2, 2000, 2000, 1, 0, 0, 0, 0, 0, 0, 0, 0, 1, 2, 1, 6, 2097224, 0, 59789, 0, 0, 0, 0, 0, 0, 0, 0, 115297, 115139, 115289, 115147, 0, 0, 0, 0, 0, 0, 370000, 380000, '', 0, 3, 1, 12.5, 2, 1, 1, 0, 0, 0, 0, 0, 0, 0, 144, 1, 0, 0, 1, '', 16048),
(597891, 0, 0, 0, 0, 0, 0, 0, 0, 0, 0, 0, 0, 0, 0, 0, 0, 0, 27705, 0, 0, 0, 'Thalnos the Soulrender', '', '', 0, 92, 92, 4, 0, 14, 14, 0, 0, 1, 1.14286, 1.14286, 1, 1, 14339, 17894, 0, 1, 4, 2000, 2000, 1, 0, 0, 0, 0, 0, 0, 0, 0, 1, 2, 1, 6, 2097224, 0, 59789, 0, 0, 0, 0, 0, 0, 0, 0, 115297, 115139, 115289, 115147, 0, 0, 0, 0, 0, 0, 370000, 380000, '', 0, 3, 1, 30, 2, 1, 1, 0, 0, 0, 0, 0, 0, 0, 144, 1, 0, 0, 1, '', 16048),

(59223, 0, 592231, 0, 0, 0, 0, 0, 0, 0, 0, 0, 0, 0, 0, 0, 0, 0, 41154, 0, 0, 0, 'Brother Korloff', '', '', 0, 34, 34, 4, 0, 67, 67, 0, 0, 1, 1.14286, 1.14286, 1, 1, 150, 200, 0, 1, 2, 2000, 2000, 1, 0, 0, 0, 0, 0, 0, 0, 0, 1, 2, 1, 7, 2097224, 0, 59223, 0, 0, 0, 0, 0, 0, 0, 0, 114807, 113764, 114410, 0, 0, 0, 0, 0, 0, 0, 390000, 400000, '', 0, 3, 1, 12.5, 2, 1, 1, 0, 0, 0, 0, 0, 0, 0, 186, 1, 0, 0, 0, '', 16048),
(592231, 0, 0, 0, 0, 0, 0, 0, 0, 0, 0, 0, 0, 0, 0, 0, 0, 0, 41154, 0, 0, 0, 'Brother Korloff', '', '', 0, 92, 92, 4, 0, 67, 67, 0, 0, 1, 1.14286, 1.14286, 1, 1, 14339, 17894, 0, 1, 4, 2000, 2000, 1, 0, 0, 0, 0, 0, 0, 0, 0, 1, 2, 1, 7, 2097224, 0, 59223, 0, 0, 0, 0, 0, 0, 0, 0, 114807, 113764, 114410, 0, 0, 0, 0, 0, 0, 0, 390000, 400000, '', 0, 3, 1, 30, 2, 1, 1, 0, 0, 0, 0, 0, 0, 0, 186, 1, 0, 0, 1, '', 16048),

(3977, 0, 397701, 0, 0, 0, 0, 0, 0, 0, 0, 0, 0, 0, 0, 0, 0, 0, 2043, 0, 0, 0, 'High Inquisitor Whitemane', '', '', 0, 34, 34, 4, 0, 67, 67, 0, 0, 1, 1.14286, 1.14286, 1, 1, 150, 200, 0, 128, 2, 2000, 2000, 2, 64, 2048, 0, 0, 0, 0, 0, 0, 36, 53, 13, 7, 0, 0, 3977, 3977, 0, 0, 0, 0, 0, 0, 0, 22187, 9481, 9256, 12039, 0, 0, 0, 0, 0, 0, 298, 394, '', 1, 3, 1, 8, 5, 1, 1, 0, 0, 0, 0, 0, 0, 0, 0, 1, 1180, 0, 0, '', 16048),
(397701, 0, 0, 0, 0, 0, 0, 0, 0, 0, 0, 0, 0, 0, 0, 0, 0, 0, 2043, 0, 0, 0, 'High Inquisitor Whitemane', '', '', 0, 92, 92, 4, 0, 67, 67, 0, 0, 1, 1.14286, 1.14286, 1, 1, 14339, 17894, 0, 128, 4, 2000, 2000, 2, 64, 2048, 0, 0, 0, 0, 0, 0, 36, 53, 13, 7, 0, 0, 3977, 3977, 0, 0, 0, 0, 0, 0, 0, 22187, 9481, 9256, 12039, 0, 0, 0, 0, 0, 0, 298, 394, '', 1, 3, 1, 10, 5, 1, 1, 0, 0, 0, 0, 0, 0, 0, 0, 1, 1180, 0, 1, '', 16048),

(60040, 0, 600401, 0, 0, 0, 0, 0, 0, 0, 0, 0, 0, 0, 0, 0, 0, 0, 41220, 0, 0, 0, 'Commander Durand', '', '', 0, 34, 34, 4, 0, 67, 67, 0, 0, 1, 1.14286, 1.14286, 1, 1, 150, 200, 0, 1, 2, 2000, 2000, 1, 0, 0, 0, 0, 0, 0, 0, 0, 1, 2, 1, 7, 2097224, 0, 60040, 60040, 0, 0, 0, 0, 0, 0, 0, 115876, 0, 0, 0, 0, 0, 0, 0, 0, 0, 130000, 140000, '', 0, 3, 1, 6, 2, 1, 1, 0, 0, 0, 0, 0, 0, 0, 0, 1, 0, 0, 0, '', 16048),
(600401, 0, 0, 0, 0, 0, 0, 0, 0, 0, 0, 0, 0, 0, 0, 0, 0, 0, 41220, 0, 0, 0, 'Commander Durand', '', '', 0, 92, 92, 4, 0, 67, 67, 0, 0, 1, 1.14286, 1.14286, 1, 1, 14339, 17894, 0, 1, 4, 2000, 2000, 1, 0, 0, 0, 0, 0, 0, 0, 0, 1, 2, 1, 7, 2097224, 0, 60040, 60040, 0, 0, 0, 0, 0, 0, 0, 115876, 0, 0, 0, 0, 0, 0, 0, 0, 0, 130000, 140000, '', 0, 3, 1, 15, 2, 1, 1, 0, 0, 0, 0, 0, 0, 0, 0, 1, 0, 0, 0, '', 16048),

(58555, 0, 585551, 0, 0, 0, 0, 0, 0, 0, 0, 0, 0, 0, 0, 0, 0, 0, 41288, 0, 0, 0, 'Scarlet Fanatic', '', '', 0, 32, 32, 4, 0, 67, 67, 0, 0, 1, 1.14286, 1.14286, 1, 1, 90, 150, 0, 1, 2, 2000, 2000, 1, 0, 0, 0, 0, 0, 0, 0, 0, 1, 2, 1, 7, 72, 0, 0, 58555, 0, 0, 0, 0, 0, 0, 0, 0, 0, 0, 0, 0, 0, 0, 0, 0, 0, 8100, 8200, '', 0, 3, 1, 3, 2, 1, 1, 0, 0, 0, 0, 0, 0, 0, 0, 1, 0, 0, 0, '', 16048),
(585551, 0, 0, 0, 0, 0, 0, 0, 0, 0, 0, 0, 0, 0, 0, 0, 0, 0, 41288, 0, 0, 0, 'Scarlet Fanatic', '', '', 0, 90, 90, 4, 0, 67, 67, 0, 0, 1, 1.14286, 1.14286, 1, 1, 14339, 17894, 0, 1, 3, 2000, 2000, 1, 0, 0, 0, 0, 0, 0, 0, 0, 1, 2, 1, 7, 72, 0, 0, 58555, 0, 0, 0, 0, 0, 0, 0, 0, 0, 0, 0, 0, 0, 0, 0, 0, 0, 8100, 8200, '', 0, 3, 1, 3, 2, 1, 1, 0, 0, 0, 0, 0, 0, 0, 0, 1, 0, 0, 0, '', 16048),

(58569, 0, 585691, 0, 0, 0, 0, 0, 0, 0, 0, 0, 0, 0, 0, 0, 0, 0, 40669, 40670, 0, 0, 'Scarlet Purifier', '', '', 0, 32, 32, 4, 0, 67, 67, 0, 0, 1, 1.14286, 1.14286, 1, 1, 90, 150, 0, 1, 2, 2000, 2000, 8, 0, 0, 0, 0, 0, 0, 0, 0, 1, 2, 1, 7, 72, 0, 0, 58569, 0, 0, 0, 0, 0, 0, 0, 0, 0, 0, 0, 0, 0, 0, 0, 0, 0, 8100, 8200, '', 0, 3, 1, 4.2169, 2, 1, 1, 0, 0, 0, 0, 0, 0, 0, 0, 1, 0, 0, 0, '', 16048),
(585691, 0, 0, 0, 0, 0, 0, 0, 0, 0, 0, 0, 0, 0, 0, 0, 0, 0, 40669, 40670, 0, 0, 'Scarlet Purifier', '', '', 0, 90, 90, 4, 0, 67, 67, 0, 0, 1, 1.14286, 1.14286, 1, 1, 14339, 17894, 0, 1, 3, 2000, 2000, 8, 0, 0, 0, 0, 0, 0, 0, 0, 1, 2, 1, 7, 72, 0, 0, 58569, 0, 0, 0, 0, 0, 0, 0, 0, 0, 0, 0, 0, 0, 0, 0, 0, 0, 8100, 8200, '', 0, 3, 1, 3, 2, 1, 1, 0, 0, 0, 0, 0, 0, 0, 0, 1, 0, 0, 0, '', 16048),

(58590, 0, 585901, 0, 0, 0, 0, 0, 0, 0, 0, 0, 0, 0, 0, 0, 0, 0, 40671, 0, 0, 0, 'Scarlet Zealot', '', '', 0, 32, 32, 4, 0, 67, 67, 0, 0, 1, 1.14286, 1.14286, 1, 1, 90, 150, 0, 1, 2, 2000, 2000, 8, 0, 0, 0, 0, 0, 0, 0, 0, 1, 2, 1, 7, 72, 0, 0, 58590, 0, 0, 0, 0, 0, 0, 0, 0, 0, 0, 0, 0, 0, 0, 0, 0, 0, 7800, 7900, '', 0, 3, 1, 3.95, 2, 1, 1, 0, 0, 0, 0, 0, 0, 0, 0, 1, 0, 0, 0, '', 16048),
(585901, 0, 0, 0, 0, 0, 0, 0, 0, 0, 0, 0, 0, 0, 0, 0, 0, 0, 40671, 0, 0, 0, 'Scarlet Zealot', '', '', 0, 90, 90, 4, 0, 67, 67, 0, 0, 1, 1.14286, 1.14286, 1, 1, 14339, 17894, 0, 1, 3, 2000, 2000, 8, 0, 0, 0, 0, 0, 0, 0, 0, 1, 2, 1, 7, 72, 0, 0, 58590, 0, 0, 0, 0, 0, 0, 0, 0, 0, 0, 0, 0, 0, 0, 0, 0, 0, 7800, 7900, '', 0, 3, 1, 3.75, 2, 1, 1, 0, 0, 0, 0, 0, 0, 0, 0, 1, 0, 0, 0, '', 16048),

(58605, 0, 586051, 0, 0, 0, 0, 0, 0, 0, 0, 0, 0, 0, 0, 0, 0, 0, 41282, 0, 0, 0, 'Scarlet Judicator', '', '', 0, 32, 32, 4, 0, 67, 67, 0, 0, 1, 1.14286, 1.14286, 1, 1, 1, 2, 0, 1, 2, 2000, 2000, 1, 0, 0, 0, 0, 0, 0, 0, 0, 1, 2, 1, 7, 72, 0, 0, 58605, 0, 0, 0, 0, 0, 0, 0, 0, 0, 0, 0, 0, 0, 0, 0, 0, 0, 7200, 7300, '', 0, 3, 1, 3, 2, 1, 1, 0, 0, 0, 0, 0, 0, 0, 0, 1, 0, 0, 0, '', 16048),
(586051, 0, 0, 0, 0, 0, 0, 0, 0, 0, 0, 0, 0, 0, 0, 0, 0, 0, 41282, 0, 0, 0, 'Scarlet Judicator', '', '', 0, 90, 90, 4, 0, 67, 67, 0, 0, 1, 1.14286, 1.14286, 1, 1, 14339, 17894, 0, 1, 3, 2000, 2000, 1, 0, 0, 0, 0, 0, 0, 0, 0, 1, 2, 1, 7, 72, 0, 0, 58605, 0, 0, 0, 0, 0, 0, 0, 0, 0, 0, 0, 0, 0, 0, 0, 0, 0, 7200, 7300, '', 0, 3, 1, 3, 2, 1, 1, 0, 0, 0, 0, 0, 0, 0, 0, 1, 0, 0, 0, '', 16048),

(59722, 0, 597221, 0, 0, 0, 0, 0, 0, 0, 0, 0, 0, 0, 0, 0, 0, 0, 45860, 0, 0, 0, 'Pile of Corpses', '', '', 0, 31, 31, 4, 0, 14, 14, 0, 0, 1, 1.14286, 1.14286, 1, 0, 90, 150, 0, 1, 1, 2000, 2000, 1, 0, 0, 0, 0, 0, 0, 0, 0, 1, 2, 1, 10, 72, 0, 0, 0, 0, 0, 0, 0, 0, 0, 0, 114951, 0, 0, 0, 0, 0, 0, 0, 0, 0, 0, 0, '', 0, 3, 1, 1.5, 1, 1, 1, 0, 0, 0, 0, 0, 0, 0, 0, 1, 0, 0, 0, '', 16048),
(597221, 0, 0, 0, 0, 0, 0, 0, 0, 0, 0, 0, 0, 0, 0, 0, 0, 0, 45860, 0, 0, 0, 'Pile of Corpses', '', '', 0, 90, 90, 4, 0, 14, 14, 0, 0, 1, 1.14286, 1.14286, 1, 0, 90, 150, 0, 1, 1, 2000, 2000, 1, 0, 0, 0, 0, 0, 0, 0, 0, 1, 2, 1, 10, 72, 0, 0, 0, 0, 0, 0, 0, 0, 0, 0, 114951, 0, 0, 0, 0, 0, 0, 0, 0, 0, 0, 0, '', 0, 3, 1, 1.5, 1, 1, 1, 0, 0, 0, 0, 0, 0, 0, 0, 1, 0, 0, 0, '', 16048),

(60033, 0, 600331, 0, 0, 0, 0, 0, 0, 0, 0, 0, 0, 0, 0, 0, 0, 0, 24653, 24653, 0, 0, 'Frenzied Spirit', '', '', 0, 31, 31, 4, 0, 14, 14, 0, 0, 1, 1.14286, 1.14286, 1, 1, 90, 150, 0, 1, 1, 2000, 2000, 1, 0, 0, 0, 0, 0, 0, 0, 0, 1, 2, 1, 6, 72, 0, 0, 0, 0, 0, 0, 0, 0, 0, 0, 115524, 0, 0, 0, 0, 0, 0, 0, 0, 0, 200, 300, '', 0, 3, 1, 1, 1, 1, 1, 0, 0, 0, 0, 0, 0, 0, 100, 1, 0, 0, 0, '', 16048),
(600331, 0, 0, 0, 0, 0, 0, 0, 0, 0, 0, 0, 0, 0, 0, 0, 0, 0, 24653, 24653, 0, 0, 'Frenzied Spirit', '', '', 0, 90, 90, 4, 0, 14, 14, 0, 0, 1, 1.14286, 1.14286, 1, 1, 14339, 17894, 0, 1, 2, 2000, 2000, 1, 0, 0, 0, 0, 0, 0, 0, 0, 1, 2, 1, 6, 72, 0, 0, 0, 0, 0, 0, 0, 0, 0, 0, 115524, 0, 0, 0, 0, 0, 0, 0, 0, 0, 200, 300, '', 0, 3, 1, 0.9666, 1, 1, 1, 0, 0, 0, 0, 0, 0, 0, 100, 1, 0, 0, 0, '', 16048),

(60197, 0, 601971, 0, 0, 0, 0, 0, 0, 0, 0, 0, 0, 0, 0, 0, 0, 0, 3019, 0, 0, 0, 'Training Dummy', '', '', 0, 1, 1, 4, 0, 7, 7, 0, 0, 1, 1.14286, 1.14286, 1, 0, 1, 2, 0, 1, 1, 2000, 2000, 1, 131076, 0, 0, 0, 0, 0, 0, 0, 1, 2, 1, 9, 0, 0, 0, 0, 0, 0, 0, 0, 0, 0, 0, 0, 0, 0, 0, 0, 0, 0, 0, 0, 0, 0, 0, '', 0, 3, 1, 0.000013, 1, 1, 1, 0, 0, 0, 0, 0, 0, 0, 0, 1, 0, 32, 0, 'npc_training_dummy', 16048),

(64446, 0, 644461, 0, 0, 0, 0, 0, 0, 0, 0, 0, 0, 0, 0, 0, 0, 0, 3019, 0, 0, 0, 'Training Dummy', '', '', 0, 1, 1, 4, 0, 7, 7, 0, 0, 1, 1.14286, 1.14286, 1, 0, 9839, 14339, 0, 42299, 1, 2000, 2000, 1, 131076, 0, 0, 0, 0, 0, 0, 0, 0, 0, 0, 9, 0, 0, 0, 0, 0, 0, 0, 0, 0, 0, 0, 0, 0, 0, 0, 0, 0, 0, 0, 0, 0, 0, 0, '', 0, 3, 1, 0.000013, 1, 1, 1, 0, 0, 0, 0, 0, 0, 0, 0, 1, 0, 32, 0, 'npc_training_dummy', 16048),

(59705, 0, 597051, 0, 0, 0, 0, 0, 0, 0, 0, 0, 0, 0, 0, 0, 0, 0, 40725, 40724, 0, 0, 'Scarlet Flamethrower', '', '', 0, 31, 31, 4, 0, 67, 67, 0, 0, 1, 1.14286, 1.14286, 1, 1, 90, 150, 0, 1, 2, 2000, 2000, 1, 0, 0, 0, 0, 0, 0, 0, 0, 1, 2, 1, 7, 72, 0, 0, 0, 0, 0, 0, 0, 0, 0, 0, 115506, 0, 0, 0, 0, 0, 0, 0, 0, 0, 6800, 6900, '', 0, 3, 1, 3, 2, 1, 1, 0, 0, 0, 0, 0, 0, 0, 0, 1, 0, 0, 0, '', 16048),
(597051, 0, 0, 0, 0, 0, 0, 0, 0, 0, 0, 0, 0, 0, 0, 0, 0, 0, 40725, 40724, 0, 0, 'Scarlet Flamethrower', '', '', 0, 90, 90, 4, 0, 67, 67, 0, 0, 1, 1.14286, 1.14286, 1, 1, 14339, 17894, 0, 1, 3, 2000, 2000, 1, 0, 0, 0, 0, 0, 0, 0, 0, 1, 2, 1, 7, 72, 0, 0, 0, 0, 0, 0, 0, 0, 0, 0, 115506, 0, 0, 0, 0, 0, 0, 0, 0, 0, 6800, 6900, '', 0, 3, 1, 4, 2, 1, 1, 0, 0, 0, 0, 0, 0, 0, 0, 1, 0, 0, 0, '', 16048),

(59706, 0, 0, 0, 0, 0, 0, 0, 0, 0, 0, 0, 0, 0, 0, 0, 0, 0, 40964, 0, 0, 0, 'Fuel Tank', '', '', 0, 32, 32, 4, 0, 7, 7, 0, 0, 1, 1.14286, 1.14286, 1, 0, 1, 2, 0, 1, 1, 2000, 2000, 1, 0, 0, 0, 0, 0, 0, 0, 0, 1, 2, 1, 7, 72, 0, 0, 0, 0, 0, 0, 0, 0, 0, 0, 114875, 0, 0, 0, 0, 0, 0, 0, 0, 0, 0, 0, '', 0, 3, 1, 1, 1, 1, 1, 0, 0, 0, 0, 0, 0, 0, 0, 1, 0, 0, 0, '', 16048),

(59746, 0, 597461, 0, 0, 0, 0, 0, 0, 0, 0, 0, 0, 0, 0, 0, 0, 0, 40780, 40776, 0, 0, 'Scarlet Centurion', '', '', 0, 31, 31, 4, 0, 67, 67, 0, 0, 1, 1.14286, 1.14286, 1, 1, 90, 150, 0, 1, 2, 2000, 2000, 1, 0, 0, 0, 0, 0, 0, 0, 0, 1, 2, 1, 7, 72, 0, 0, 0, 0, 0, 0, 0, 0, 0, 0, 115519, 0, 115511, 0, 0, 0, 0, 0, 0, 0, 6800, 6900, '', 0, 3, 1, 2.5, 2, 1, 1, 0, 0, 0, 0, 0, 0, 0, 0, 1, 0, 0, 0, '', 16048),
(597461, 0, 0, 0, 0, 0, 0, 0, 0, 0, 0, 0, 0, 0, 0, 0, 0, 0, 40780, 40776, 0, 0, 'Scarlet Centurion', '', '', 0, 90, 90, 4, 0, 67, 67, 0, 0, 1, 1.14286, 1.14286, 1, 1, 14339, 17894, 0, 1, 3, 2000, 2000, 1, 0, 0, 0, 0, 0, 0, 0, 0, 1, 2, 1, 7, 72, 0, 0, 0, 0, 0, 0, 0, 0, 0, 0, 115519, 0, 115511, 0, 0, 0, 0, 0, 0, 0, 6800, 6900, '', 0, 3, 1, 4, 2, 1, 1, 0, 0, 0, 0, 0, 0, 0, 0, 1, 0, 0, 0, '', 16048),

(59884, 0, 598841, 0, 0, 0, 0, 0, 0, 0, 0, 0, 0, 0, 0, 0, 0, 0, 14707, 10972, 10971, 0, 'Fallen Crusader', '', '', 0, 32, 32, 4, 0, 14, 14, 0, 0, 1, 1.14286, 1.14286, 1, 1, 90, 150, 0, 1, 2, 2000, 2000, 1, 0, 0, 0, 0, 0, 0, 0, 0, 1, 2, 1, 6, 72, 0, 0, 0, 0, 0, 0, 0, 0, 0, 0, 0, 115144, 0, 0, 0, 0, 0, 0, 0, 0, 0, 0, '', 0, 3, 1, 0.5, 2, 1, 1, 0, 0, 0, 0, 0, 0, 0, 0, 1, 0, 0, 0, '', 16048),
(598841, 0, 0, 0, 0, 0, 0, 0, 0, 0, 0, 0, 0, 0, 0, 0, 0, 0, 14707, 10972, 10971, 0, 'Fallen Crusader', '', '', 0, 90, 90, 4, 0, 14, 14, 0, 0, 1, 1.14286, 1.14286, 1, 1, 14339, 17894, 0, 1, 3, 2000, 2000, 1, 0, 0, 0, 0, 0, 0, 0, 0, 1, 2, 1, 6, 72, 0, 0, 0, 0, 0, 0, 0, 0, 0, 0, 0, 115144, 0, 0, 0, 0, 0, 0, 0, 0, 0, 0, '', 0, 3, 1, 0.5, 2, 1, 1, 0, 0, 0, 0, 0, 0, 0, 0, 1, 0, 0, 0, '', 16048),

(59930, 0, 599301, 0, 0, 0, 0, 0, 0, 0, 0, 0, 0, 0, 0, 0, 0, 0, 36329, 0, 0, 0, 'Empowered Zombie', '', '', 0, 32, 32, 4, 0, 14, 14, 0, 0, 1, 1.14286, 1.14286, 1, 1, 90, 150, 0, 1, 2, 2000, 2000, 1, 0, 0, 0, 0, 0, 0, 0, 0, 1, 2, 1, 6, 72, 0, 0, 0, 0, 0, 0, 0, 0, 0, 0, 0, 0, 0, 0, 0, 0, 0, 0, 0, 0, 0, 0, '', 0, 3, 1, 25, 2, 1, 1, 0, 0, 0, 0, 0, 0, 0, 100, 1, 0, 0, 0, '', 16048),
(599301, 0, 0, 0, 0, 0, 0, 0, 0, 0, 0, 0, 0, 0, 0, 0, 0, 0, 36329, 0, 0, 0, 'Empowered Zombie', '', '', 0, 90, 90, 4, 0, 14, 14, 0, 0, 1, 1.14286, 1.14286, 1, 1, 14339, 17894, 0, 1, 3, 2000, 2000, 1, 0, 0, 0, 0, 0, 0, 0, 0, 1, 2, 1, 6, 72, 0, 0, 0, 0, 0, 0, 0, 0, 0, 0, 0, 0, 0, 0, 0, 0, 0, 0, 0, 0, 0, 0, '', 0, 3, 1, 50, 2, 1, 1, 0, 0, 0, 0, 0, 0, 0, 100, 1, 0, 0, 0, '', 16048),

(59974, 0, 599741, 0, 0, 0, 0, 0, 0, 0, 0, 0, 0, 0, 0, 0, 0, 0, 23767, 0, 0, 0, 'Evicted Soul', '', '', 0, 32, 32, 4, 0, 14, 14, 0, 0, 1, 1.14286, 1.14286, 1, 0, 90, 150, 0, 1, 1, 2000, 2000, 1, 0, 0, 0, 0, 0, 0, 0, 0, 1, 2, 1, 10, 0, 0, 0, 0, 0, 0, 0, 0, 0, 0, 0, 115309, 40291, 0, 0, 0, 0, 0, 0, 0, 0, 0, 0, '', 0, 3, 1, 0.1, 1, 1, 1, 0, 0, 0, 0, 0, 0, 0, 88, 1, 0, 0, 0, '', 16048),
(599741, 0, 0, 0, 0, 0, 0, 0, 0, 0, 0, 0, 0, 0, 0, 0, 0, 0, 23767, 0, 0, 0, 'Evicted Soul', '', '', 0, 90, 90, 4, 0, 14, 14, 0, 0, 1, 1.14286, 1.14286, 1, 0, 14339, 17894, 0, 1, 1, 2000, 2000, 1, 0, 0, 0, 0, 0, 0, 0, 0, 1, 2, 1, 10, 0, 0, 0, 0, 0, 0, 0, 0, 0, 0, 0, 115309, 40291, 0, 0, 0, 0, 0, 0, 0, 0, 0, 0, '', 0, 3, 1, 0.1, 1, 1, 1, 0, 0, 0, 0, 0, 0, 0, 88, 1, 0, 0, 0, '', 16048),

(59507, 0, 0, 0, 0, 0, 0, 0, 0, 0, 0, 0, 0, 0, 0, 0, 0, 0, 19963, 27823, 0, 0, 'Scorched Earth', '', '', 0, 90, 90, 4, 0, 14, 14, 0, 0, 1, 1.14286, 1.14286, 1, 0, 1, 2, 0, 1, 1, 2000, 2000, 1, 0, 0, 0, 0, 0, 0, 0, 0, 1, 2, 1, 10, 16778276, 0, 0, 0, 0, 0, 0, 0, 0, 0, 0, 0, 0, 0, 0, 0, 0, 0, 0, 0, 0, 0, 0, '', 0, 3, 1, 1, 1, 1, 1, 0, 0, 0, 0, 0, 0, 0, 76, 1, 0, 0, 0, '', 16048);

UPDATE `creature` SET `spawnmask`=6 WHERE `map`=1004;

UPDATE `creature_template` SET `ScriptName`='npc_scarlet_monastery_scarlet_fanatic' WHERE `entry`=58555;
UPDATE `creature_template` SET `ScriptName`='npc_scarlet_monastery_scarlet_judicator' WHERE `entry`=58605;
UPDATE `creature_template` SET `ScriptName`='npc_scarlet_monastery_scarlet_purifier' WHERE `entry`=58569;
UPDATE `creature_template` SET `ScriptName`='npc_scarlet_monastery_scarlet_zealot' WHERE `entry`=58590;
UPDATE `creature_template` SET `ScriptName`='npc_scarlet_monastery_scarlet_centurion' WHERE `entry`=59746;
UPDATE `creature_template` SET `ScriptName`='npc_scarlet_monastery_scarlet_flamethrower' WHERE `entry`=59705;
UPDATE `creature_template` SET `ScriptName`='npc_scarlet_monastery_fuel_tank' WHERE `entry`=59706;

-- Талнос

UPDATE `creature_template` SET `ScriptName`='boss_thalnos_the_soulrender' WHERE `entry`=59789;
UPDATE `creature_template` SET `ScriptName`='npc_thalnos_the_soulrender_empowering_spirit' WHERE `entry`=59893;
UPDATE `creature_template` SET `ScriptName`='npc_thalnos_the_soulrender_fallen_crusader' WHERE `entry`=59884;
UPDATE `creature_template` SET `ScriptName`='npc_thalnos_the_soulrender_evicted_soul' WHERE `entry`=59974;

REPLACE INTO `spell_areatrigger` (`spell_id`, `selection`, `visualRadius`, `radius`, `ScriptName`, `Comment`) VALUES 
(115290, 2, 2, 2, 'spell_area_thalos_the_soulrender_spirit_gale', 'Spirit Gale, Thalos the Soulrender');

UPDATE `creature_template` SET `lootid`=59789 WHERE `entry`=59789;
UPDATE `creature_template` SET `lootid`=597891 WHERE `entry`=597891;

DELETE FROM `creature_text` WHERE `entry`=59789;
INSERT INTO `creature_text` (`entry`,`groupid`,`id`,`text`,`type`,`language`,`probability`,`emote`,`duration`,`sound`,`comment`) VALUES
(59789, 0, 0, '', 14, 0, 100, 0, 0, 27829, 'Thalnos aggro'),
(59789, 1, 0, 'Can this be... the end, at last...?', 14, 0, 100, 0, 0, 27830, 'Thalnos death'),
(59789, 2, 0, 'No rest...for the angry dead!', 14, 0, 100, 0, 0, 27831, 'Thalnos event health'),
(59789, 3, 0, 'My endless agony shall be yours, as well!', 14, 0, 100, 0, 0, 27832, 'Thalnos intro'),
(59789, 4, 0, 'More... More souls!', 14, 0, 100, 0, 0, 27833, 'Thalnos slay'),
(59789, 5, 0, 'Seek out a vessel...and return!', 14, 0, 100, 0, 0, 27834, 'Thalnos spell 1'),
(59789, 6, 0, 'Claim a body, and wreak terrible vengeance!', 14, 0, 100, 0, 0, 27835, 'Thalnos spell 2');

DELETE FROM `locales_creature_text` WHERE `entry`=59789;
INSERT INTO `locales_creature_text` (`entry`,`textGroup`,`id`,`text_loc8`) VALUES
(59789, 0, 0, 'Мы жаждем мести!'),
(59789, 1, 0, 'Неужели... это... конец?'),
(59789, 2, 0, 'Покой? Смерть приносит лишь мучения!'),
(59789, 3, 0, 'Вы разделите мое вечное страдание!'),
(59789, 4, 0, 'Больше... Больше душ!'),
(59789, 5, 0, 'Найди и обрети тело!'),
(59789, 6, 0, 'Найди тело и жестоко отомсти врагам!');

DELETE FROM `creature_loot_template` WHERE `entry`=59789;
INSERT INTO `creature_loot_template` (`entry`, `item`, `ChanceOrQuestChance`, `lootmode`, `groupid`, `mincountOrRef`, `maxcount`) VALUES 
(59789, 88285, 22, 1, 0, 1, 1),
(59789, 88284, 20, 1, 0, 1, 1),
(59789, 88286, 20, 1, 0, 1, 1),
(59789, 88287, 19, 1, 0, 1, 1),
(59789, 88288, 19, 1, 0, 1, 1);

DELETE FROM `creature_loot_template` WHERE `entry`=597891;
INSERT INTO `creature_loot_template` (`entry`, `item`, `ChanceOrQuestChance`, `lootmode`, `groupid`, `mincountOrRef`, `maxcount`) VALUES 
(597891, 81572, 22, 1, 1, 1, 1),
(597891, 81569, 20, 1, 1, 1, 1),
(597891, 81570, 20, 1, 1, 1, 1),
(597891, 81560, 19, 1, 1, 1, 1),
(597891, 81571, 19, 1, 1, 1, 1);

-- Brother Korloff

UPDATE `creature_template` SET `ScriptName`='boss_brother_korloff' WHERE `entry`=59223;
UPDATE `creature_template` SET `ScriptName`='npc_brother_korloff_scorched_earth' WHERE `entry`=59507;
UPDATE `creature_template` SET `modelid1`=27823, `modelid2`=0 WHERE `entry`=59507;

DELETE FROM `conditions` WHERE `SourceEntry` IN (125844, 125852, 125861);
INSERT INTO `conditions` (`SourceTypeOrReferenceId`, `SourceGroup`, `SourceEntry`, `ElseGroup`, `ConditionTypeOrReference`, `ConditionTarget`, `ConditionValue1`, `ConditionValue2`, `Comment`) VALUES
('13', '1', '125844', '0', '31', '0',  '3', '64446', 'Burning man'),
('13', '1', '125852', '0', '31', '0',  '3', '64446', 'Burning man'),
('13', '1', '125861', '0', '31', '0',  '3', '64446', 'Burning man');

UPDATE `creature_template` SET `lootid`=59223 WHERE `entry`=59223;
UPDATE `creature_template` SET `lootid`=592231 WHERE `entry`=592231;

DELETE FROM `creature_text` WHERE `entry`=59223;
INSERT INTO `creature_text` (`entry`,`groupid`,`id`,`text`,`type`,`language`,`probability`,`emote`,`duration`,`sound`,`comment`) VALUES
(59223, 0, 0, 'I will break you.', 14, 0, 100, 0, 0, 29496, 'Korloff aggro'),
(59223, 1, 0, 'You are like... piece of iron...', 14, 0, 100, 0, 0, 29497, 'Korloff death'),
(59223, 2, 0, '', 14, 0, 100, 0, 0, 29498, 'Korloff reset'),
(59223, 3, 0, 'My fists are scarlet... with your blood!', 14, 0, 100, 0, 0, 29499, 'Korloff slay 1'),
(59223, 3, 1, 'If you die, you die!', 14, 0, 100, 0, 0, 29500, 'Korloff slay 2');

DELETE FROM `locales_creature_text` WHERE `entry`=59223;
INSERT INTO `locales_creature_text` (`entry`,`textGroup`,`id`,`text_loc8`) VALUES
(59223, 0, 0, 'Меня нельзя победить!'),
(59223, 1, 0, 'Вы... как железо...'),
(59223, 2, 0, 'Меня нельзя победить. Я сильнее всех.'),
(59223, 3, 0, 'Мои кулаки алые... от вашей крови!'),
(59223, 3, 1, 'Умираешь, так умирай!');

DELETE FROM `creature_loot_template` WHERE `entry`=59223;
INSERT INTO `creature_loot_template` (`entry`, `item`, `ChanceOrQuestChance`, `lootmode`, `groupid`, `mincountOrRef`, `maxcount`) VALUES 
(59223, 71638, -100, 1, 0, 1, 1),
(59223, 88293, 22, 1, 1, 1, 1),
(59223, 88292, 20, 1, 1, 1, 1),
(59223, 88291, 20, 1, 1, 1, 1),
(59223, 88290, 19, 1, 1, 1, 1),
(59223, 88289, 19, 1, 1, 1, 1);

DELETE FROM `creature_loot_template` WHERE `entry`=592231;
INSERT INTO `creature_loot_template` (`entry`, `item`, `ChanceOrQuestChance`, `lootmode`, `groupid`, `mincountOrRef`, `maxcount`) VALUES 
(592231, 71638, -100, 1, 0, 1, 1),
(592231, 81561, 22, 1, 1, 1, 1),
(592231, 81576, 20, 1, 1, 1, 1),
(592231, 81574, 20, 1, 1, 1, 1),
(592231, 81573, 19, 1, 1, 1, 1),
(592231, 81575, 19, 1, 1, 1, 1);

-- Commander Durand


UPDATE `creature_template` SET `ScriptName`='boss_inquisitor_whitemane' WHERE `entry`=3977;
UPDATE `creature_template` SET `ScriptName`='npc_inquisitor_whitemane_commander_durand' WHERE `entry`=60040;

UPDATE `creature_template` SET `lootid`=60040 WHERE `entry`=60040;
UPDATE `creature_template` SET `lootid`=600401 WHERE `entry`=600401;
UPDATE `creature_template` SET `lootid`=3977 WHERE `entry`=3977;
UPDATE `creature_template` SET `lootid`=397701 WHERE `entry`=397701;

DELETE FROM `creature_loot_template` WHERE `entry`=60040;
INSERT INTO `creature_loot_template` (`entry`, `item`, `ChanceOrQuestChance`, `lootmode`, `groupid`, `mincountOrRef`, `maxcount`) VALUES 
(60040, 88298, 19, 1, 1, 1, 1),
(60040, 88299, 17, 1, 1, 1, 1),
(60040, 88295, 17, 1, 1, 1, 1),
(60040, 88302, 16, 1, 1, 1, 1),
(60040, 88296, 16, 1, 1, 1, 1),
(60040, 88303, 15, 1, 1, 1, 1),
(60040, 88300, 25, 1, 2, 1, 1),
(60040, 88301, 25, 1, 2, 1, 1),
(60040, 88294, 25, 1, 2, 1, 1),
(60040, 88297, 25, 1, 2, 1, 1);

DELETE FROM `creature_loot_template` WHERE `entry`=600401;
INSERT INTO `creature_loot_template` (`entry`, `item`, `ChanceOrQuestChance`, `lootmode`, `groupid`, `mincountOrRef`, `maxcount`) VALUES 
(600401, 87551, 10, 1, 3, 1, 1),
(600401, 81689, 19, 1, 1, 1, 1),
(600401, 81692, 17, 1, 1, 1, 1),
(600401, 81688, 17, 1, 1, 1, 1),
(600401, 81690, 16, 1, 1, 1, 1),
(600401, 81687, 16, 1, 1, 1, 1),
(600401, 81578, 15, 1, 1, 1, 1),
(600401, 81562, 25, 1, 2, 1, 1),
(600401, 81691, 25, 1, 2, 1, 1),
(600401, 81265, 25, 1, 2, 1, 1),
(600401, 81577, 25, 1, 2, 1, 1);

DELETE FROM `creature_loot_template` WHERE `entry`=3977;
INSERT INTO `creature_loot_template` (`entry`, `item`, `ChanceOrQuestChance`, `lootmode`, `groupid`, `mincountOrRef`, `maxcount`) VALUES 
(3977, 20976, 10, 1, 0, 1, 1);

DELETE FROM `creature_loot_template` WHERE `entry`=397701;
INSERT INTO `creature_loot_template` (`entry`, `item`, `ChanceOrQuestChance`, `lootmode`, `groupid`, `mincountOrRef`, `maxcount`) VALUES 
(397701, 20976, 10, 1, 0, 1, 1);