DELETE FROM `creature_template` WHERE `entry` IN
(6244204, 6244205, 6244206, 6244207);
REPLACE INTO `creature_template` (`entry`, `difficulty_entry_1`, `difficulty_entry_2`, `difficulty_entry_3`, `difficulty_entry_4`, `difficulty_entry_5`, `difficulty_entry_6`, `difficulty_entry_7`, `difficulty_entry_8`, `difficulty_entry_9`, `difficulty_entry_10`, `difficulty_entry_11`, `difficulty_entry_12`, `difficulty_entry_13`, `difficulty_entry_14`, `difficulty_entry_15`, `KillCredit1`, `KillCredit2`, `modelid1`, `modelid2`, `modelid3`, `modelid4`, `name`, `subname`, `IconName`, `gossip_menu_id`, `minlevel`, `maxlevel`, `exp`, `exp_unk`, `faction_A`, `faction_H`, `npcflag`, `npcflag2`, `speed_walk`, `speed_run`, `speed_fly`, `scale`, `rank`, `mindmg`, `maxdmg`, `dmgschool`, `attackpower`, `dmg_multiplier`, `baseattacktime`, `rangeattacktime`, `unit_class`, `unit_flags`, `unit_flags2`, `dynamicflags`, `family`, `trainer_type`, `trainer_spell`, `trainer_class`, `trainer_race`, `minrangedmg`, `maxrangedmg`, `rangedattackpower`, `type`, `type_flags`, `type_flags2`, `lootid`, `pickpocketloot`, `skinloot`, `resistance1`, `resistance2`, `resistance3`, `resistance4`, `resistance5`, `resistance6`, `spell1`, `spell2`, `spell3`, `spell4`, `spell5`, `spell6`, `spell7`, `spell8`, `PetSpellDataId`, `VehicleId`, `mingold`, `maxgold`, `AIName`, `MovementType`, `InhabitType`, `HoverHeight`, `Health_mod`, `Mana_mod`, `Mana_mod_extra`, `Armor_mod`, `RacialLeader`, `questItem1`, `questItem2`, `questItem3`, `questItem4`, `questItem5`, `questItem6`, `movementId`, `RegenHealth`, `equipment_id`, `mechanic_immune_mask`, `flags_extra`, `ScriptName`, `WDBVerified`) VALUES 
(62442, 0, 0, 0, 624424, 624425, 624426, 624427, 0, 0, 0, 0, 0, 0, 0, 0, 0, 0, 42532, 0, 0, 0, 'Tsulong', '', '', 0, 93, 93, 4, 0, 1665, 1665, 0, 0, 1, 1.14286, 1.14286, 1, 3, 43563, 69309, 0, 195056, 2, 2000, 2000, 4, 32768, 0, 0, 0, 0, 0, 0, 0, 0, 0, 0, 2, 4172, 0, 0, 0, 0, 0, 0, 0, 0, 0, 0, 122858, 26662, 122768, 125843, 57723, 124176, 95809, 122777, 0, 0, 0, 0, '', 0, 3, 1, 400, 1, 1, 1, 0, 0, 0, 0, 0, 0, 0, 157, 1, 0, 768294911, 1, 'boss_tsulong', 16048),
(624424, 0, 0, 0, 0, 0, 0, 0, 0, 0, 0, 0, 0, 0, 0, 0, 0, 0, 42532, 0, 0, 0, 'Tsulong', '', '', 0, 93, 93, 4, 0, 1665, 1665, 0, 0, 1, 1.14286, 1.14286, 1, 3, 43563, 69309, 0, 195056, 2, 2000, 2000, 4, 32832, 0, 0, 0, 0, 0, 0, 0, 0, 0, 0, 2, 270532716, 0, 0, 0, 0, 0, 0, 0, 0, 0, 0, 122858, 26662, 122768, 125843, 57723, 124176, 95809, 122777, 0, 0, 0, 0, '', 0, 3, 1, 1200, 1, 1, 1, 0, 0, 0, 0, 0, 0, 0, 157, 1, 0, 769638399, 1, '', 16048),
(624425, 0, 0, 0, 0, 0, 0, 0, 0, 0, 0, 0, 0, 0, 0, 0, 0, 0, 42532, 0, 0, 0, 'Tsulong', '', '', 0, 93, 93, 4, 0, 1665, 1665, 0, 0, 1, 1.14286, 1.14286, 1, 3, 43563, 69309, 0, 195056, 2, 2000, 2000, 4, 32832, 0, 0, 0, 0, 0, 0, 0, 0, 0, 0, 2, 270532716, 0, 0, 0, 0, 0, 0, 0, 0, 0, 0, 122858, 26662, 122768, 125843, 57723, 124176, 95809, 122777, 0, 0, 0, 0, '', 0, 3, 1, 640, 1, 1, 1, 0, 0, 0, 0, 0, 0, 0, 157, 1, 0, 769638399, 1, '', 16048),
(624426, 0, 0, 0, 0, 0, 0, 0, 0, 0, 0, 0, 0, 0, 0, 0, 0, 0, 42532, 0, 0, 0, 'Tsulong', '', '', 0, 93, 93, 4, 0, 1665, 1665, 0, 0, 1, 1.14286, 1.14286, 1, 3, 43563, 69309, 0, 195056, 2, 2000, 2000, 4, 32832, 0, 0, 0, 0, 0, 0, 0, 0, 0, 0, 2, 270532716, 0, 0, 0, 0, 0, 0, 0, 0, 0, 0, 122858, 26662, 122768, 125843, 57723, 124176, 95809, 122777, 0, 0, 0, 0, '', 0, 3, 1, 1920, 1, 1, 1, 0, 0, 0, 0, 0, 0, 0, 157, 1, 0, 769638399, 1, '', 16048);

DELETE FROM `creature_template` WHERE `entry` IN
(83983, 82983, 84983, 85983);
REPLACE INTO `creature_template` (`entry`, `difficulty_entry_1`, `difficulty_entry_2`, `difficulty_entry_3`, `difficulty_entry_4`, `difficulty_entry_5`, `difficulty_entry_6`, `difficulty_entry_7`, `difficulty_entry_8`, `difficulty_entry_9`, `difficulty_entry_10`, `difficulty_entry_11`, `difficulty_entry_12`, `difficulty_entry_13`, `difficulty_entry_14`, `difficulty_entry_15`, `KillCredit1`, `KillCredit2`, `modelid1`, `modelid2`, `modelid3`, `modelid4`, `name`, `subname`, `IconName`, `gossip_menu_id`, `minlevel`, `maxlevel`, `exp`, `exp_unk`, `faction_A`, `faction_H`, `npcflag`, `npcflag2`, `speed_walk`, `speed_run`, `speed_fly`, `scale`, `rank`, `mindmg`, `maxdmg`, `dmgschool`, `attackpower`, `dmg_multiplier`, `baseattacktime`, `rangeattacktime`, `unit_class`, `unit_flags`, `unit_flags2`, `dynamicflags`, `family`, `trainer_type`, `trainer_spell`, `trainer_class`, `trainer_race`, `minrangedmg`, `maxrangedmg`, `rangedattackpower`, `type`, `type_flags`, `type_flags2`, `lootid`, `pickpocketloot`, `skinloot`, `resistance1`, `resistance2`, `resistance3`, `resistance4`, `resistance5`, `resistance6`, `spell1`, `spell2`, `spell3`, `spell4`, `spell5`, `spell6`, `spell7`, `spell8`, `PetSpellDataId`, `VehicleId`, `mingold`, `maxgold`, `AIName`, `MovementType`, `InhabitType`, `HoverHeight`, `Health_mod`, `Mana_mod`, `Mana_mod_extra`, `Armor_mod`, `RacialLeader`, `questItem1`, `questItem2`, `questItem3`, `questItem4`, `questItem5`, `questItem6`, `movementId`, `RegenHealth`, `equipment_id`, `mechanic_immune_mask`, `flags_extra`, `ScriptName`, `WDBVerified`) VALUES 
(62983, 0, 0, 0, 629834, 629835, 629836, 0, 0, 0, 0, 0, 0, 0, 0, 0, 0, 0, 43783, 0, 0, 0, 'Lei Shi', '', '', 0, 93, 93, 4, 0, 16, 16, 0, 0, 1, 0.428571, 1.14286, 1, 3, 11839, 17339, 0, 45299, 2, 2000, 2000, 2, 0, 0, 0, 0, 0, 0, 0, 0, 0, 0, 0, 7, 0, 0, 0, 0, 0, 0, 0, 0, 0, 0, 0, 123181, 26662, 123620, 123461, 123244, 123250, 123121, 127535, 0, 0, 0, 0, '', 0, 3, 1, 285.12, 1, 1, 1, 0, 0, 0, 0, 0, 0, 0, 913, 1, 0, 0, 1, 'boss_lei_shi', 16048),
(629834, 0, 0, 0, 0, 0, 0, 0, 0, 0, 0, 0, 0, 0, 0, 0, 0, 0, 43783, 0, 0, 0, 'Lei Shi (5)', '', '', 0, 93, 93, 4, 0, 16, 16, 0, 0, 1, 1.14286, 1.14286, 1, 3, 11839, 17339, 0, 45299, 2, 2000, 2000, 2, 0, 0, 0, 0, 0, 0, 0, 0, 0, 0, 0, 4, 2097260, 0, 0, 0, 0, 0, 0, 0, 0, 0, 0, 123181, 26662, 123620, 123461, 123244, 123250, 123121, 127535, 0, 0, 0, 0, '', 0, 3, 1, 622.08, 1, 1, 1, 0, 0, 0, 0, 0, 0, 0, 913, 1, 0, 769638399, 1, '', 16048),
(629835, 0, 0, 0, 0, 0, 0, 0, 0, 0, 0, 0, 0, 0, 0, 0, 0, 0, 43783, 0, 0, 0, 'Lei Shi (4)', '', '', 0, 93, 93, 4, 0, 16, 16, 0, 0, 1, 1.14286, 1.14286, 1, 3,  11839, 17339, 0, 45299, 2, 2000, 2000, 2, 0, 0, 0, 0, 0, 0, 0, 0, 0, 0, 0, 4, 2097260, 0, 0, 0, 0, 0, 0, 0, 0, 0, 0, 123181, 26662, 123620, 123461, 123244, 123250, 123121, 127535, 0, 0, 0, 0, '', 0, 3, 1, 855.36, 1, 1, 1, 0, 0, 0, 0, 0, 0, 0, 913, 1, 0, 769638399, 1, '', 16048),
(629836, 0, 0, 0, 0, 0, 0, 0, 0, 0, 0, 0, 0, 0, 0, 0, 0, 0, 43783, 0, 0, 0, 'Lei Shi (6)', '', '', 0, 93, 93, 4, 0, 16, 16, 0, 0, 1, 1.14286, 1.14286, 1, 3, 11839, 17339, 0, 45299, 2, 2000, 2000, 2, 0, 0, 0, 0, 0, 0, 0, 0, 0, 0, 0, 4, 2097260, 0, 0, 0, 0, 0, 0, 0, 0, 0, 0, 123181, 26662, 123620, 123461, 123244, 123250, 123121, 127535, 0, 0, 0, 0, '', 0, 3, 1, 1866.24, 1, 1, 1, 0, 0, 0, 0, 0, 0, 0, 913, 1, 0, 769638399, 1, '', 16048);

DELETE FROM `creature_template` WHERE `entry` IN
(6099904, 6099905, 6099906, 6099907);
REPLACE INTO `creature_template` (`entry`, `difficulty_entry_1`, `difficulty_entry_2`, `difficulty_entry_3`, `difficulty_entry_4`, `difficulty_entry_5`, `difficulty_entry_6`, `difficulty_entry_7`, `difficulty_entry_8`, `difficulty_entry_9`, `difficulty_entry_10`, `difficulty_entry_11`, `difficulty_entry_12`, `difficulty_entry_13`, `difficulty_entry_14`, `difficulty_entry_15`, `KillCredit1`, `KillCredit2`, `modelid1`, `modelid2`, `modelid3`, `modelid4`, `name`, `subname`, `IconName`, `gossip_menu_id`, `minlevel`, `maxlevel`, `exp`, `exp_unk`, `faction_A`, `faction_H`, `npcflag`, `npcflag2`, `speed_walk`, `speed_run`, `speed_fly`, `scale`, `rank`, `mindmg`, `maxdmg`, `dmgschool`, `attackpower`, `dmg_multiplier`, `baseattacktime`, `rangeattacktime`, `unit_class`, `unit_flags`, `unit_flags2`, `dynamicflags`, `family`, `trainer_type`, `trainer_spell`, `trainer_class`, `trainer_race`, `minrangedmg`, `maxrangedmg`, `rangedattackpower`, `type`, `type_flags`, `type_flags2`, `lootid`, `pickpocketloot`, `skinloot`, `resistance1`, `resistance2`, `resistance3`, `resistance4`, `resistance5`, `resistance6`, `spell1`, `spell2`, `spell3`, `spell4`, `spell5`, `spell6`, `spell7`, `spell8`, `PetSpellDataId`, `VehicleId`, `mingold`, `maxgold`, `AIName`, `MovementType`, `InhabitType`, `HoverHeight`, `Health_mod`, `Mana_mod`, `Mana_mod_extra`, `Armor_mod`, `RacialLeader`, `questItem1`, `questItem2`, `questItem3`, `questItem4`, `questItem5`, `questItem6`, `movementId`, `RegenHealth`, `equipment_id`, `mechanic_immune_mask`, `flags_extra`, `ScriptName`, `WDBVerified`) VALUES 
(60999, 0, 0, 0, 609994, 609995, 609996, 0, 0, 0, 0, 0, 0, 0, 0, 0, 0, 0, 45065, 0, 0, 0, 'Sha of Fear', '', '', 0, 93, 93, 4, 0, 16, 16, 0, 0, 1, 1.14286, 1.14286, 1, 3, 43563, 69309, 0, 195056, 2, 2000, 2000, 4, 32832, 0, 0, 0, 0, 0, 0, 0, 0, 0, 0, 2, 270532716, 0, 0, 0, 0, 0, 0, 0, 0, 0, 0, 47008, 119414, 125786, 132007, 119519, 120458, 129378, 120629, 0, 0, 3245054, 3245054, '', 0, 3, 1, 423.5, 1, 1, 1, 0, 87210, 0, 0, 0, 0, 0, 167, 1, 0, 769638399, 1, 'boss_sha_of_fear', 16048),
(609994, 0, 0, 0, 0, 0, 0, 0, 0, 0, 0, 0, 0, 0, 0, 0, 0, 0, 45065, 0, 0, 0, 'Sha of Fear', '', '', 0, 93, 93, 4, 0, 14, 14, 0, 0, 1, 1.14286, 1.14286, 1, 3, 43563, 69309, 0, 195056, 2, 2000, 2000, 4, 32832, 0, 0, 0, 0, 0, 0, 0, 0, 0, 0, 4, 270532716, 0, 0, 0, 0, 0, 0, 0, 0, 0, 0, 47008, 119414, 125786, 132007, 119519, 120458, 129378, 120629, 0, 0, 3200000, 3300000, '', 0, 3, 1, 1270.5, 1, 1, 1, 0, 87210, 0, 0, 0, 0, 0, 167, 1, 0, 769638399, 1, '', 16048),
(609995, 0, 0, 0, 0, 0, 0, 0, 0, 0, 0, 0, 0, 0, 0, 0, 0, 0, 45065, 0, 0, 0, 'Sha of Fear', '', '', 0, 93, 93, 4, 0, 14, 14, 0, 0, 1, 1.14286, 1.14286, 1, 3, 43563, 69309, 0, 195056, 2, 2000, 2000, 4, 32832, 0, 0, 0, 0, 0, 0, 0, 0, 0, 0, 4, 270532716, 0, 0, 0, 0, 0, 0, 0, 0, 0, 0, 47008, 119414, 125786, 132007, 119519, 120458, 129378, 120629, 0, 0, 3200000, 3300000, '', 0, 3, 1, 1122.66, 1, 1, 1, 0, 87210, 0, 0, 0, 0, 0, 167, 1, 0, 769638399, 1, '', 16048),
(609996, 0, 0, 0, 0, 0, 0, 0, 0, 0, 0, 0, 0, 0, 0, 0, 0, 0, 45065, 0, 0, 0, 'Sha of Fear', '', '', 0, 93, 93, 4, 0, 14, 14, 0, 0, 1, 1.14286, 1.14286, 1, 3, 43563, 69309, 0, 195056, 2, 2000, 2000, 4, 32832, 0, 0, 0, 0, 0, 0, 0, 0, 0, 0, 4, 270532716, 0, 0, 0, 0, 0, 0, 0, 0, 0, 0, 47008, 119414, 125786, 132007, 119519, 120458, 129378, 120629, 0, 0, 3200000, 3300000, '', 0, 3, 1, 3367.98, 1, 1, 1, 0, 87210, 0, 0, 0, 0, 0, 167, 1, 0, 769638399, 1, '', 16048);

-- Protectors

UPDATE `creature_template` SET `lootid`=60583 WHERE `entry`=60583;
UPDATE `creature_template` SET `lootid`=605834 WHERE `entry`=605834;
UPDATE `creature_template` SET `lootid`=605835 WHERE `entry`=605835;
UPDATE `creature_template` SET `lootid`=605836 WHERE `entry`=605836;

DELETE FROM `creature_loot_template` WHERE `entry`=60583;
INSERT INTO `creature_loot_template` (`entry`, `item`, `ChanceOrQuestChance`, `lootmode`, `groupid`, `mincountOrRef`, `maxcount`) VALUES
(60583, 1, 100, 1, 0, -60583, 2),
(60583, 3, 2, 1, 0, -470001, 1),
(60583, 87208, -20, 1, 0, 1, 1),
(60583, 87209, -20, 1, 0, 1, 1);

DELETE FROM `creature_loot_template` WHERE `entry`=605834;
INSERT INTO `creature_loot_template` (`entry`, `item`, `ChanceOrQuestChance`, `lootmode`, `groupid`, `mincountOrRef`, `maxcount`) VALUES
(605834, 1, 100, 1, 0, -60583, 5),
(605834, 3, 2, 1, 0, -470001, 1),
(605834, 87208, -20, 1, 0, 1, 1),
(605834, 87209, -20, 1, 0, 1, 1);

DELETE FROM `creature_loot_template` WHERE `entry`=605835;
INSERT INTO `creature_loot_template` (`entry`, `item`, `ChanceOrQuestChance`, `lootmode`, `groupid`, `mincountOrRef`, `maxcount`) VALUES
(605835, 1, 100, 1, 0, -605835, 2),
(605835, 3, 2, 1, 0, -470001, 1),
(605835, 87208, -20, 1, 0, 1, 1),
(605835, 87209, -20, 1, 0, 1, 1);

DELETE FROM `creature_loot_template` WHERE `entry`=605836;
INSERT INTO `creature_loot_template` (`entry`, `item`, `ChanceOrQuestChance`, `lootmode`, `groupid`, `mincountOrRef`, `maxcount`) VALUES
(605836, 1, 100, 1, 0, -605835, 5),
(605836, 3, 2, 1, 0, -470001, 1),
(605836, 87208, -20, 1, 0, 1, 1),
(605836, 87209, -20, 1, 0, 1, 1);

DELETE FROM `reference_loot_template` WHERE `entry`=60583;
INSERT INTO `reference_loot_template` (`entry`, `item`, `ChanceOrQuestChance`, `lootmode`, `groupid`, `mincountOrRef`, `maxcount`) VALUES 
(60583, 90582, 0, 1, 1, 1, 1),
(60583, 90520, 0, 1, 1, 1, 1),
(60583, 90530, 0, 1, 1, 1, 1),
(60583, 90526, 0, 1, 1, 1, 1),
(60583, 90524, 0, 1, 1, 1, 1),
(60583, 90521, 0, 1, 1, 1, 1),
(60583, 90523, 0, 1, 1, 1, 1),
(60583, 90518, 0, 1, 1, 1, 1),
(60583, 90529, 0, 1, 1, 1, 1),
(60583, 90517, 0, 1, 1, 1, 1),
(60583, 90527, 0, 1, 1, 1, 1),
(60583, 90522, 0, 1, 1, 1, 1),
(60583, 90519, 0, 1, 1, 1, 1),
(60583, 90525, 0, 1, 1, 1, 1);

DELETE FROM `reference_loot_template` WHERE `entry`=605835;
INSERT INTO `reference_loot_template` (`entry`, `item`, `ChanceOrQuestChance`, `lootmode`, `groupid`, `mincountOrRef`, `maxcount`) VALUES 
(605835, 90514, 0, 1, 1, 1, 1),
(605835, 90506, 0, 1, 1, 1, 1),
(605835, 90516, 0, 1, 1, 1, 1),
(605835, 90512, 0, 1, 1, 1, 1),
(605835, 90510, 0, 1, 1, 1, 1),
(605835, 90507, 0, 1, 1, 1, 1),
(605835, 90509, 0, 1, 1, 1, 1),
(605835, 90504, 0, 1, 1, 1, 1),
(605835, 90515, 0, 1, 1, 1, 1),
(605835, 90503, 0, 1, 1, 1, 1),
(605835, 90513, 0, 1, 1, 1, 1),
(605835, 90508, 0, 1, 1, 1, 1),
(605835, 90505, 0, 1, 1, 1, 1),
(605835, 90511, 0, 1, 1, 1, 1);

UPDATE `creature_template` SET `lootid`=60586 WHERE `entry`=60586;
UPDATE `creature_template` SET `lootid`=605864 WHERE `entry`=605864;
UPDATE `creature_template` SET `lootid`=605865 WHERE `entry`=605865;
UPDATE `creature_template` SET `lootid`=605866 WHERE `entry`=605866;

UPDATE `creature_template` SET `lootid`=60585 WHERE `entry`=60585;
UPDATE `creature_template` SET `lootid`=605854 WHERE `entry`=605854;
UPDATE `creature_template` SET `lootid`=605855 WHERE `entry`=605855;
UPDATE `creature_template` SET `lootid`=605856 WHERE `entry`=605856;

DELETE FROM `creature_loot_template` WHERE `entry`=60586;
INSERT INTO `creature_loot_template` (`entry`, `item`, `ChanceOrQuestChance`, `lootmode`, `groupid`, `mincountOrRef`, `maxcount`) VALUES
(60586, 1, 100, 1, 0, -60586, 2),
(60586, 3, 2, 1, 0, -470001, 1),
(60586, 87208, -20, 1, 0, 1, 1),
(60586, 87209, -20, 1, 0, 1, 1);

DELETE FROM `creature_loot_template` WHERE `entry`=605864;
INSERT INTO `creature_loot_template` (`entry`, `item`, `ChanceOrQuestChance`, `lootmode`, `groupid`, `mincountOrRef`, `maxcount`) VALUES
(605864, 1, 100, 1, 0, -60586, 5),
(605864, 3, 2, 1, 0, -470001, 1),
(605864, 87208, -20, 1, 0, 1, 1),
(605864, 87209, -20, 1, 0, 1, 1);

DELETE FROM `creature_loot_template` WHERE `entry`=605865;
INSERT INTO `creature_loot_template` (`entry`, `item`, `ChanceOrQuestChance`, `lootmode`, `groupid`, `mincountOrRef`, `maxcount`) VALUES
(605865, 1, 100, 1, 0, -605865, 2),
(605865, 3, 2, 1, 0, -470001, 1),
(605865, 87208, -20, 1, 0, 1, 1),
(605865, 87209, -20, 1, 0, 1, 1);

DELETE FROM `creature_loot_template` WHERE `entry`=605866;
INSERT INTO `creature_loot_template` (`entry`, `item`, `ChanceOrQuestChance`, `lootmode`, `groupid`, `mincountOrRef`, `maxcount`) VALUES
(605866, 1, 100, 1, 0, -605865, 5),
(605866, 3, 2, 1, 0, -470001, 1),
(605866, 87208, -20, 1, 0, 1, 1),
(605866, 87209, -20, 1, 0, 1, 1);

DELETE FROM `creature_loot_template` WHERE `entry`=60585;
INSERT INTO `creature_loot_template` (`entry`, `item`, `ChanceOrQuestChance`, `lootmode`, `groupid`, `mincountOrRef`, `maxcount`) VALUES
(60585, 1, 100, 1, 0, -60585, 2),
(60585, 3, 2, 1, 0, -470001, 1),
(60585, 87208, -20, 1, 0, 1, 1),
(60585, 87209, -20, 1, 0, 1, 1);

DELETE FROM `creature_loot_template` WHERE `entry`=605854;
INSERT INTO `creature_loot_template` (`entry`, `item`, `ChanceOrQuestChance`, `lootmode`, `groupid`, `mincountOrRef`, `maxcount`) VALUES
(605854, 1, 100, 1, 0, -60585, 5),
(605854, 3, 2, 1, 0, -470001, 1),
(605854, 87208, -20, 1, 0, 1, 1),
(605854, 87209, -20, 1, 0, 1, 1);

DELETE FROM `creature_loot_template` WHERE `entry`=605855;
INSERT INTO `creature_loot_template` (`entry`, `item`, `ChanceOrQuestChance`, `lootmode`, `groupid`, `mincountOrRef`, `maxcount`) VALUES
(605855, 1, 100, 1, 0, -60586, 2),
(605855, 3, 2, 1, 0, -470001, 1),
(605855, 87208, -20, 1, 0, 1, 1),
(605855, 87209, -20, 1, 0, 1, 1);

DELETE FROM `creature_loot_template` WHERE `entry`=605856;
INSERT INTO `creature_loot_template` (`entry`, `item`, `ChanceOrQuestChance`, `lootmode`, `groupid`, `mincountOrRef`, `maxcount`) VALUES
(605856, 1, 100, 1, 0, -605865, 5),
(605856, 3, 2, 1, 0, -470001, 1),
(605856, 87208, -20, 1, 0, 1, 1),
(605856, 87209, -20, 1, 0, 1, 1);

DELETE FROM `reference_loot_template` WHERE `entry`=60586;
INSERT INTO `reference_loot_template` (`entry`, `item`, `ChanceOrQuestChance`, `lootmode`, `groupid`, `mincountOrRef`, `maxcount`) VALUES 
(60586, 86320, 0, 1, 1, 1, 1),
(60586, 86230, 0, 1, 1, 1, 1),
(60586, 86318, 0, 1, 1, 1, 1),
(60586, 86316, 0, 1, 1, 1, 1),
(60586, 86317, 0, 1, 1, 1, 1),
(60586, 86232, 0, 1, 1, 1, 1),
(60586, 86234, 0, 1, 1, 1, 1),
(60586, 89841, 0, 1, 1, 1, 1),
(60586, 86319, 0, 1, 1, 1, 1),
(60586, 86231, 0, 1, 1, 1, 1),
(60586, 86390, 0, 1, 1, 1, 1),
(60586, 86233, 0, 1, 1, 1, 1),
(60586, 89885, 0, 1, 1, 1, 1),
(60586, 86315, 0, 1, 1, 1, 1);

DELETE FROM `reference_loot_template` WHERE `entry`=605865;
INSERT INTO `reference_loot_template` (`entry`, `item`, `ChanceOrQuestChance`, `lootmode`, `groupid`, `mincountOrRef`, `maxcount`) VALUES 
(605865, 87153, 0, 1, 1, 1, 1),
(605865, 87145, 0, 1, 1, 1, 1),
(605865, 87155, 0, 1, 1, 1, 1),
(605865, 87150, 0, 1, 1, 1, 1),
(605865, 87149, 0, 1, 1, 1, 1),
(605865, 87146, 0, 1, 1, 1, 1),
(605865, 87148, 0, 1, 1, 1, 1),
(605865, 89943, 0, 1, 1, 1, 1),
(605865, 87154, 0, 1, 1, 1, 1),
(605865, 87144, 0, 1, 1, 1, 1),
(605865, 87152, 0, 1, 1, 1, 1),
(605865, 87147, 0, 1, 1, 1, 1),
(605865, 89944, 0, 1, 1, 1, 1),
(605865, 87151, 0, 1, 1, 1, 1);

-- Tsulong

UPDATE `creature_template` SET `lootid`=0 WHERE `entry`=62442;
UPDATE `creature_template` SET `lootid`=0 WHERE `entry`=624424;
UPDATE `creature_template` SET `lootid`=0 WHERE `entry`=624425;
UPDATE `creature_template` SET `lootid`=0 WHERE `entry`=624426;

REPLACE INTO `gameobject_template` (`entry`, `type`, `displayId`, `name`, `IconName`, `castBarCaption`, `unk1`, `faction`, `flags`, `size`, `questItem1`, `questItem2`, `questItem3`, `questItem4`, `questItem5`, `questItem6`, `data0`, `data1`, `data2`, `data3`, `data4`, `data5`, `data6`, `data7`, `data8`, `data9`, `data10`, `data11`, `data12`, `data13`, `data14`, `data15`, `data16`, `data17`, `data18`, `data19`, `data20`, `data21`, `data22`, `data23`, `data24`, `data25`, `data26`, `data27`, `data28`, `data29`, `data30`, `data31`, `unkInt32`, `AIName`, `ScriptName`, `WDBVerified`) VALUES 
(212922, 3, 12438, 'Cache of Tsulong', '', '', '', 0, 0, 3, 0, 0, 0, 0, 0, 0, 1634, 212922, 0, 1, 0, 0, 0, 0, 0, 0, 1, 1, 1, 1, 0, 1, 0, 0, 0, 0, 0, 80, 0, 0, 0, 0, 0, 0, 0, 0, 0, 0, 0, '', '', 15595),
(215355, 3, 12438, 'Cache of Tsulong', '', '', '', 0, 0, 3, 0, 0, 0, 0, 0, 0, 1634, 215355, 0, 1, 0, 0, 0, 0, 0, 0, 1, 1, 1, 1, 0, 1, 0, 0, 0, 0, 0, 80, 0, 0, 0, 0, 0, 0, 0, 0, 0, 0, 0, '', '', 15595),
(215356, 3, 12438, 'Cache of Tsulong', '', '', '', 0, 0, 3, 0, 0, 0, 0, 0, 0, 1634, 215356, 0, 1, 0, 0, 0, 0, 0, 0, 1, 1, 1, 1, 0, 1, 0, 0, 0, 0, 0, 80, 0, 0, 0, 0, 0, 0, 0, 0, 0, 0, 0, '', '', 15595),
(215357, 3, 12438, 'Cache of Tsulong', '', '', '', 0, 0, 3, 0, 0, 0, 0, 0, 0, 1634, 215357, 0, 1, 0, 0, 0, 0, 0, 0, 1, 1, 1, 1, 0, 1, 0, 0, 0, 0, 0, 80, 0, 0, 0, 0, 0, 0, 0, 0, 0, 0, 0, '', '', 15595),

(213073, 3, 10316, 'Box of Fancy Stuff', '', '', '', 0, 0, 3, 0, 0, 0, 0, 0, 0, 1634, 213073, 0, 1, 0, 0, 0, 0, 0, 0, 1, 1, 1, 1, 0, 1, 0, 0, 0, 0, 0, 80, 0, 0, 0, 0, 0, 0, 0, 0, 0, 0, 0, '', '', 15595),
(213074, 3, 10316, 'Box of Fancy Stuff', '', '', '', 0, 0, 3, 0, 0, 0, 0, 0, 0, 1634, 213074, 0, 1, 0, 0, 0, 0, 0, 0, 1, 1, 1, 1, 0, 1, 0, 0, 0, 0, 0, 80, 0, 0, 0, 0, 0, 0, 0, 0, 0, 0, 0, '', '', 15595),
(213075, 3, 10316, 'Box of Fancy Stuff', '', '', '', 0, 0, 3, 0, 0, 0, 0, 0, 0, 1634, 213075, 0, 1, 0, 0, 0, 0, 0, 0, 1, 1, 1, 1, 0, 1, 0, 0, 0, 0, 0, 80, 0, 0, 0, 0, 0, 0, 0, 0, 0, 0, 0, '', '', 15595),
(213076, 3, 10316, 'Box of Fancy Stuff', '', '', '', 0, 0, 3, 0, 0, 0, 0, 0, 0, 1634, 213076, 0, 1, 0, 0, 0, 0, 0, 0, 1, 1, 1, 1, 0, 1, 0, 0, 0, 0, 0, 80, 0, 0, 0, 0, 0, 0, 0, 0, 0, 0, 0, '', '', 15595);

DELETE FROM `gameobject` WHERE `map`=996 AND `id` IN 
(212922, 215355, 215356, 215357);
INSERT INTO `gameobject` (`id`, `map`, `zoneId`, `areaId`, `spawnMask`, `phaseMask`, `position_x`, `position_y`, `position_z`, `orientation`, `rotation0`, `rotation1`, `rotation2`, `rotation3`, `spawntimesecs`, `animprogress`, `state`, `isActive`, `protect_anti_doublet`) VALUES 
(212922, 996, 6067, 6515, 8, 65535, -1018.27, -2970.05, 12.311, 4.76755, 0, 0, 0.687337, -0.726339, -604800, 0, 1, 0, NULL),
(215355, 996, 6067, 6515, 16, 65535, -1018.27, -2970.05, 12.311, 4.76755, 0, 0, 0.687337, -0.726339, -604800, 0, 1, 0, NULL),
(215356, 996, 6067, 6515, 32, 65535, -1018.27, -2970.05, 12.311, 4.76755, 0, 0, 0.687337, -0.726339, -604800, 0, 1, 0, NULL),
(215357, 996, 6067, 6515, 64, 65535, -1018.27, -2970.05, 12.311, 4.76755, 0, 0, 0.687337, -0.726339, -604800, 0, 1, 0, NULL);

DELETE FROM `gameobject_loot_template` WHERE `entry`=212922;
INSERT INTO `gameobject_loot_template` (`entry`, `item`, `ChanceOrQuestChance`, `lootmode`, `groupid`, `mincountOrRef`, `maxcount`) VALUES
(212922, 1, 100, 1, 0, -2129220, 2),
(212922, 3, 2, 1, 0, -470001, 1),
(212922, 87208, -20, 1, 0, 1, 1),
(212922, 87209, -20, 1, 0, 1, 1);

DELETE FROM `gameobject_loot_template` WHERE `entry`=215355;
INSERT INTO `gameobject_loot_template` (`entry`, `item`, `ChanceOrQuestChance`, `lootmode`, `groupid`, `mincountOrRef`, `maxcount`) VALUES
(215355, 1, 100, 1, 0, -2129220, 5),
(215355, 3, 2, 1, 0, -470001, 1),
(215355, 87208, -20, 1, 0, 1, 1),
(215355, 87209, -20, 1, 0, 1, 1);

DELETE FROM `gameobject_loot_template` WHERE `entry`=215356;
INSERT INTO `gameobject_loot_template` (`entry`, `item`, `ChanceOrQuestChance`, `lootmode`, `groupid`, `mincountOrRef`, `maxcount`) VALUES
(215356, 1, 100, 1, 0, -2153560, 2),
(215356, 3, 2, 1, 0, -470001, 1),
(215356, 87208, -20, 1, 0, 1, 1),
(215356, 87209, -20, 1, 0, 1, 1);

DELETE FROM `gameobject_loot_template` WHERE `entry`=215357;
INSERT INTO `gameobject_loot_template` (`entry`, `item`, `ChanceOrQuestChance`, `lootmode`, `groupid`, `mincountOrRef`, `maxcount`) VALUES
(215357, 1, 100, 1, 0, -2153560, 5),
(215357, 3, 2, 1, 0, -470001, 1),
(215357, 87208, -20, 1, 0, 1, 1),
(215357, 87209, -20, 1, 0, 1, 1);


DELETE FROM `reference_loot_template` WHERE `entry`=212922;
DELETE FROM `reference_loot_template` WHERE `entry`=2129220;
INSERT INTO `reference_loot_template` (`entry`, `item`, `ChanceOrQuestChance`, `lootmode`, `groupid`, `mincountOrRef`, `maxcount`) VALUES 
(2129220, 86326, 0, 1, 1, 1, 1),
(2129220, 86325, 0, 1, 1, 1, 1),
(2129220, 86322, 0, 1, 1, 1, 1),
(2129220, 89884, 0, 1, 1, 1, 1),
(2129220, 86321, 0, 1, 1, 1, 1),
(2129220, 89842, 0, 1, 1, 1, 1),
(2129220, 89843, 0, 1, 1, 1, 1),
(2129220, 86328, 0, 1, 1, 1, 1),
(2129220, 86330, 0, 1, 1, 1, 1),
(2129220, 89883, 0, 1, 1, 1, 1),
(2129220, 86329, 0, 1, 1, 1, 1),
(2129220, 86327, 0, 1, 1, 1, 1),
(2129220, 86323, 0, 1, 1, 1, 1),
(2129220, 86324, 0, 1, 1, 1, 1),

(2129220, 86342, 0, 1, 1, 1, 1),
(2129220, 86337, 0, 1, 1, 1, 1),
(2129220, 86338, 0, 1, 1, 1, 1),
(2129220, 86383, 0, 1, 1, 1, 1),
(2129220, 86385, 0, 1, 1, 1, 1),
(2129220, 86384, 0, 1, 1, 1, 1),
(2129220, 86343, 0, 1, 1, 1, 1),
(2129220, 86339, 0, 1, 1, 1, 1),
(2129220, 86341, 0, 1, 1, 1, 1),
(2129220, 86340, 0, 1, 1, 1, 1);

DELETE FROM `reference_loot_template` WHERE `entry`=215356;
DELETE FROM `reference_loot_template` WHERE `entry`=2153560;
INSERT INTO `reference_loot_template` (`entry`, `item`, `ChanceOrQuestChance`, `lootmode`, `groupid`, `mincountOrRef`, `maxcount`) VALUES 
(2153560, 87161, 0, 1, 1, 1, 1),
(2153560, 87159, 0, 1, 1, 1, 1),
(2153560, 87158, 0, 1, 1, 1, 1),
(2153560, 89948, 0, 1, 1, 1, 1),
(2153560, 87156, 0, 1, 1, 1, 1),
(2153560, 89945, 0, 1, 1, 1, 1),
(2153560, 89946, 0, 1, 1, 1, 1),
(2153560, 87164, 0, 1, 1, 1, 1),
(2153560, 87162, 0, 1, 1, 1, 1),
(2153560, 89947, 0, 1, 1, 1, 1),
(2153560, 87165, 0, 1, 1, 1, 1),
(2153560, 87163, 0, 1, 1, 1, 1),
(2153560, 87160, 0, 1, 1, 1, 1),
(2153560, 87157, 0, 1, 1, 1, 1),

(2153560, 87183, 0, 1, 1, 1, 1),
(2153560, 87178, 0, 1, 1, 1, 1),
(2153560, 87177, 0, 1, 1, 1, 1),
(2153560, 87184, 0, 1, 1, 1, 1),
(2153560, 87186, 0, 1, 1, 1, 1),
(2153560, 87185, 0, 1, 1, 1, 1),
(2153560, 87182, 0, 1, 1, 1, 1),
(2153560, 87179, 0, 1, 1, 1, 1),
(2153560, 87180, 0, 1, 1, 1, 1),
(2153560, 87181, 0, 1, 1, 1, 1);


-- Lei Shi

UPDATE `creature_template` SET `lootid`=0 WHERE `entry`=62983;
UPDATE `creature_template` SET `lootid`=0 WHERE `entry`=629834;
UPDATE `creature_template` SET `lootid`=0 WHERE `entry`=629835;
UPDATE `creature_template` SET `lootid`=0 WHERE `entry`=629836;

REPLACE INTO `gameobject_template` (`entry`, `type`, `displayId`, `name`, `IconName`, `castBarCaption`, `unk1`, `faction`, `flags`, `size`, `questItem1`, `questItem2`, `questItem3`, `questItem4`, `questItem5`, `questItem6`, `data0`, `data1`, `data2`, `data3`, `data4`, `data5`, `data6`, `data7`, `data8`, `data9`, `data10`, `data11`, `data12`, `data13`, `data14`, `data15`, `data16`, `data17`, `data18`, `data19`, `data20`, `data21`, `data22`, `data23`, `data24`, `data25`, `data26`, `data27`, `data28`, `data29`, `data30`, `data31`, `unkInt32`, `AIName`, `ScriptName`, `WDBVerified`) VALUES 
(213073, 3, 10316, 'Box of Fancy Stuff', '', '', '', 0, 0, 3, 0, 0, 0, 0, 0, 0, 1634, 213073, 0, 1, 0, 0, 0, 0, 0, 0, 1, 1, 1, 1, 0, 1, 0, 0, 0, 0, 0, 80, 0, 0, 0, 0, 0, 0, 0, 0, 0, 0, 0, '', '', 15595),
(213074, 3, 10316, 'Box of Fancy Stuff', '', '', '', 0, 0, 3, 0, 0, 0, 0, 0, 0, 1634, 213074, 0, 1, 0, 0, 0, 0, 0, 0, 1, 1, 1, 1, 0, 1, 0, 0, 0, 0, 0, 80, 0, 0, 0, 0, 0, 0, 0, 0, 0, 0, 0, '', '', 15595),
(213075, 3, 10316, 'Box of Fancy Stuff', '', '', '', 0, 0, 3, 0, 0, 0, 0, 0, 0, 1634, 213075, 0, 1, 0, 0, 0, 0, 0, 0, 1, 1, 1, 1, 0, 1, 0, 0, 0, 0, 0, 80, 0, 0, 0, 0, 0, 0, 0, 0, 0, 0, 0, '', '', 15595),
(213076, 3, 10316, 'Box of Fancy Stuff', '', '', '', 0, 0, 3, 0, 0, 0, 0, 0, 0, 1634, 213076, 0, 1, 0, 0, 0, 0, 0, 0, 1, 1, 1, 1, 0, 1, 0, 0, 0, 0, 0, 80, 0, 0, 0, 0, 0, 0, 0, 0, 0, 0, 0, '', '', 15595);

DELETE FROM `gameobject` WHERE `map`=996 AND `id` IN 
(213073, 213074, 213075, 213076);
INSERT INTO `gameobject` (`id`, `map`, `zoneId`, `areaId`, `spawnMask`, `phaseMask`, `position_x`, `position_y`, `position_z`, `orientation`, `rotation0`, `rotation1`, `rotation2`, `rotation3`, `spawntimesecs`, `animprogress`, `state`, `isActive`, `protect_anti_doublet`) VALUES 
(213073, 996, 6067, 6515, 8, 65535, -1017.89, -2911.63, 19.8183, 4.6755, 0, 0, 0.720027, -0.693946, -604800, 0, 1, 0, NULL),
(213074, 996, 6067, 6515, 16, 65535, -1017.89, -2911.63, 19.8183, 4.6755, 0, 0, 0.720027, -0.693946, -604800, 0, 1, 0, NULL),
(213075, 996, 6067, 6515, 32, 65535, -1017.89, -2911.63, 19.8183, 4.6755, 0, 0, 0.720027, -0.693946, -604800, 0, 1, 0, NULL),
(213076, 996, 6067, 6515, 64, 65535, -1017.89, -2911.63, 19.8183, 4.6755, 0, 0, 0.720027, -0.693946, -604800, 0, 1, 0, NULL);

DELETE FROM `gameobject_loot_template` WHERE `entry`=213073;
INSERT INTO `gameobject_loot_template` (`entry`, `item`, `ChanceOrQuestChance`, `lootmode`, `groupid`, `mincountOrRef`, `maxcount`) VALUES
(213073, 1, 100, 1, 0, -2130730, 2),
(213073, 2, 100, 1, 0, -2130731, 1),
(213073, 3, 2, 1, 0, -470001, 1),
(213073, 87208, -20, 1, 0, 1, 1),
(213073, 87209, -20, 1, 0, 1, 1);

DELETE FROM `gameobject_loot_template` WHERE `entry`=213074;
INSERT INTO `gameobject_loot_template` (`entry`, `item`, `ChanceOrQuestChance`, `lootmode`, `groupid`, `mincountOrRef`, `maxcount`) VALUES
(213074, 1, 100, 1, 0, -2130730, 5),
(213074, 2, 100, 1, 0, -2130731, 2),
(213074, 3, 2, 1, 0, -470001, 1),
(213074, 87208, -20, 1, 0, 1, 1),
(213074, 87209, -20, 1, 0, 1, 1);

DELETE FROM `gameobject_loot_template` WHERE `entry`=213075;
INSERT INTO `gameobject_loot_template` (`entry`, `item`, `ChanceOrQuestChance`, `lootmode`, `groupid`, `mincountOrRef`, `maxcount`) VALUES
(213075, 1, 100, 1, 0, -2130750, 2),
(213075, 2, 100, 1, 0, -2130751, 1),
(213075, 3, 2, 1, 0, -470001, 1),
(213075, 87208, -20, 1, 0, 1, 1),
(213075, 87209, -20, 1, 0, 1, 1);

DELETE FROM `gameobject_loot_template` WHERE `entry`=213076;
INSERT INTO `gameobject_loot_template` (`entry`, `item`, `ChanceOrQuestChance`, `lootmode`, `groupid`, `mincountOrRef`, `maxcount`) VALUES
(213076, 1, 100, 1, 0, -2130750, 5),
(213076, 2, 100, 1, 0, -2130751, 2),
(213076, 3, 2, 1, 0, -470001, 1),
(213076, 87208, -20, 1, 0, 1, 1),
(213076, 87209, -20, 1, 0, 1, 1);

DELETE FROM `reference_loot_template` WHERE `entry`=213073;
DELETE FROM `reference_loot_template` WHERE `entry`=2130730;
INSERT INTO `reference_loot_template` (`entry`, `item`, `ChanceOrQuestChance`, `lootmode`, `groupid`, `mincountOrRef`, `maxcount`) VALUES 
(2130730, 86333, 0, 1, 1, 1, 1),
(2130730, 86336, 0, 1, 1, 1, 1),
(2130730, 86335, 0, 1, 1, 1, 1),
(2130730, 86334, 0, 1, 1, 1, 1),
(2130730, 86391, 0, 1, 1, 1, 1),
(2130730, 86331, 0, 1, 1, 1, 1),
(2130730, 86332, 0, 1, 1, 1, 1),

(2130730, 86342, 0, 1, 1, 1, 1),
(2130730, 86337, 0, 1, 1, 1, 1),
(2130730, 86338, 0, 1, 1, 1, 1),
(2130730, 86383, 0, 1, 1, 1, 1),
(2130730, 86385, 0, 1, 1, 1, 1),
(2130730, 86384, 0, 1, 1, 1, 1),
(2130730, 86343, 0, 1, 1, 1, 1),
(2130730, 86339, 0, 1, 1, 1, 1),
(2130730, 86341, 0, 1, 1, 1, 1),
(2130730, 86340, 0, 1, 1, 1, 1);

DELETE FROM `reference_loot_template` WHERE `entry`=213075;
DELETE FROM `reference_loot_template` WHERE `entry`=2130750;
INSERT INTO `reference_loot_template` (`entry`, `item`, `ChanceOrQuestChance`, `lootmode`, `groupid`, `mincountOrRef`, `maxcount`) VALUES 
(2130750, 87171, 0, 1, 1, 1, 1),
(2130750, 87172, 0, 1, 1, 1, 1),
(2130750, 87170, 0, 1, 1, 1, 1),
(2130750, 87169, 0, 1, 1, 1, 1),
(2130750, 87166, 0, 1, 1, 1, 1),
(2130750, 87168, 0, 1, 1, 1, 1),
(2130750, 87167, 0, 1, 1, 1, 1),

(2130750, 87183, 0, 1, 1, 1, 1),
(2130750, 87178, 0, 1, 1, 1, 1),
(2130750, 87177, 0, 1, 1, 1, 1),
(2130750, 87184, 0, 1, 1, 1, 1),
(2130750, 87186, 0, 1, 1, 1, 1),
(2130750, 87185, 0, 1, 1, 1, 1),
(2130750, 87182, 0, 1, 1, 1, 1),
(2130750, 87179, 0, 1, 1, 1, 1),
(2130750, 87180, 0, 1, 1, 1, 1),
(2130750, 87181, 0, 1, 1, 1, 1);

DELETE FROM `reference_loot_template` WHERE `entry`=2130731;
INSERT INTO `reference_loot_template` (`entry`, `item`, `ChanceOrQuestChance`, `lootmode`, `groupid`, `mincountOrRef`, `maxcount`) VALUES 
(2130731, 89246, 0, 1, 1, 1, 1),
(2130731, 89247, 0, 1, 1, 1, 1),
(2130731, 89248, 0, 1, 1, 1, 1);

DELETE FROM `reference_loot_template` WHERE `entry`=2130751;
INSERT INTO `reference_loot_template` (`entry`, `item`, `ChanceOrQuestChance`, `lootmode`, `groupid`, `mincountOrRef`, `maxcount`) VALUES 
(2130751, 89262, 0, 1, 1, 1, 1),
(2130751, 89263, 0, 1, 1, 1, 1),
(2130751, 89261, 0, 1, 1, 1, 1);

-- Sha of Fear

UPDATE `creature_template` SET `lootid`=60999 WHERE `entry`=60999;
UPDATE `creature_template` SET `lootid`=609994 WHERE `entry`=609994;
UPDATE `creature_template` SET `lootid`=609995 WHERE `entry`=609995;
UPDATE `creature_template` SET `lootid`=609996 WHERE `entry`=609996;

DELETE FROM `creature_loot_template` WHERE `entry`=60999;
INSERT INTO `creature_loot_template` (`entry`, `item`, `ChanceOrQuestChance`, `lootmode`, `groupid`, `mincountOrRef`, `maxcount`) VALUES
(60999, 1, 100, 1, 0, -60999, 2),
(60999, 2, 100, 1, 0, -609990, 1),
(60999, 3, 2, 1, 0, -470001, 1),
(60999, 87208, -20, 1, 0, 1, 1),
(60999, 87209, -20, 1, 0, 1, 1);

DELETE FROM `creature_loot_template` WHERE `entry`=609994;
INSERT INTO `creature_loot_template` (`entry`, `item`, `ChanceOrQuestChance`, `lootmode`, `groupid`, `mincountOrRef`, `maxcount`) VALUES
(609994, 1, 100, 1, 0, -60999, 5),
(609994, 2, 100, 1, 0, -609990, 2),
(609994, 3, 2, 1, 0, -470001, 1),
(609994, 87208, -20, 1, 0, 1, 1),
(609994, 87209, -20, 1, 0, 1, 1);

DELETE FROM `creature_loot_template` WHERE `entry`=609995;
INSERT INTO `creature_loot_template` (`entry`, `item`, `ChanceOrQuestChance`, `lootmode`, `groupid`, `mincountOrRef`, `maxcount`) VALUES
(609995, 1, 100, 1, 0, -609995, 2),
(609995, 2, 100, 1, 0, -6099950, 1),
(609995, 3, 2, 1, 0, -470001, 1),
(609995, 87208, -20, 1, 0, 1, 1),
(609995, 87209, -20, 1, 0, 1, 1);

DELETE FROM `creature_loot_template` WHERE `entry`=609996;
INSERT INTO `creature_loot_template` (`entry`, `item`, `ChanceOrQuestChance`, `lootmode`, `groupid`, `mincountOrRef`, `maxcount`) VALUES
(609996, 1, 100, 1, 0, -609995, 5),
(609996, 2, 100, 1, 0, -6099950, 2),
(609996, 3, 2, 1, 0, -470001, 1),
(609996, 87208, -20, 1, 0, 1, 1),
(609996, 87209, -20, 1, 0, 1, 1);

DELETE FROM `reference_loot_template` WHERE `entry`=60999;
INSERT INTO `reference_loot_template` (`entry`, `item`, `ChanceOrQuestChance`, `lootmode`, `groupid`, `mincountOrRef`, `maxcount`) VALUES 
(60999, 86389, 0, 1, 1, 1, 1),
(60999, 86388, 0, 1, 1, 1, 1),
(60999, 86387, 0, 1, 1, 1, 1),
(60999, 89887, 0, 1, 1, 1, 1),
(60999, 89839, 0, 1, 1, 1, 1),
(60999, 86386, 0, 1, 1, 1, 1),
(60999, 89886, 0, 1, 1, 1, 1);

DELETE FROM `reference_loot_template` WHERE `entry`=609995;
INSERT INTO `reference_loot_template` (`entry`, `item`, `ChanceOrQuestChance`, `lootmode`, `groupid`, `mincountOrRef`, `maxcount`) VALUES 
(609995, 87174, 0, 1, 1, 1, 1),
(609995, 87175, 0, 1, 1, 1, 1),
(609995, 87173, 0, 1, 1, 1, 1),
(609995, 89949, 0, 1, 1, 1, 1),
(609995, 89951, 0, 1, 1, 1, 1),
(609995, 87176, 0, 1, 1, 1, 1),
(609995, 89950, 0, 1, 1, 1, 1);

DELETE FROM `reference_loot_template` WHERE `entry`=609990;
INSERT INTO `reference_loot_template` (`entry`, `item`, `ChanceOrQuestChance`, `lootmode`, `groupid`, `mincountOrRef`, `maxcount`) VALUES 
(609990, 89235, 0, 1, 1, 1, 1),
(609990, 89236, 0, 1, 1, 1, 1),
(609990, 89234, 0, 1, 1, 1, 1);

DELETE FROM `reference_loot_template` WHERE `entry`=6099950;
INSERT INTO `reference_loot_template` (`entry`, `item`, `ChanceOrQuestChance`, `lootmode`, `groupid`, `mincountOrRef`, `maxcount`) VALUES 
(6099950, 89259, 0, 1, 1, 1, 1),
(6099950, 89260, 0, 1, 1, 1, 1),
(6099950, 89258, 0, 1, 1, 1, 1);